"OTU","Stress.Mean.Decrease.Gini","Kingdom","Phylum","Class","Order","Family","Genus","Stress.RF.Rank","Enrichment.Stress","ASV.Family"
"ASV232",0.1791,"Bacteria","Firmicutes","Clostridia","Peptostreptococcales-Tissierellales","Anaerovoracaceae","[Eubacterium] nodatum group",1,"Stress Post","ASV232  ( Anaerovoracaceae )"
"ASV237",0.172,"Bacteria","Firmicutes","Bacilli","RF39",NA,NA,2,"Stress Post","ASV237  ( NA )"
"ASV9",0.1485,"Bacteria","Bacteroidota","Bacteroidia","Bacteroidales","Bacteroidaceae","Bacteroides",3,"Stress Post","ASV9  ( Bacteroidaceae )"
"ASV313",0.138777777777778,"Bacteria","Firmicutes","Clostridia","Oscillospirales","Oscillospiraceae","Oscillibacter",4,"Stress Post","ASV313  ( Oscillospiraceae )"
"ASV520",0.138333333333333,"Bacteria","Firmicutes","Clostridia","Clostridia vadinBB60 group",NA,NA,5,"Stress Post","ASV520  ( NA )"
"ASV30",0.136166666666667,"Bacteria","Firmicutes","Clostridia","Lachnospirales","Lachnospiraceae","Lachnospiraceae NK4A136 group",6,"Stress Post","ASV30  ( Lachnospiraceae )"
"ASV32",0.128,"Bacteria","Firmicutes","Clostridia","Oscillospirales","Oscillospiraceae",NA,7,"Stress Post","ASV32  ( Oscillospiraceae )"
"ASV183",0.126833333333333,"Bacteria","Firmicutes","Clostridia","Oscillospirales","Oscillospiraceae","Colidextribacter",8,"Naive Post","ASV183  ( Oscillospiraceae )"
"ASV59",0.124416666666667,"Bacteria","Firmicutes","Clostridia","Oscillospirales","[Eubacterium] coprostanoligenes group",NA,9,"Stress Post","ASV59  ( [Eubacterium] coprostanoligenes group )"
"ASV130",0.116430952380952,"Bacteria","Firmicutes","Clostridia","Oscillospirales","Butyricicoccaceae","UCG-009",10,"Stress Post","ASV130  ( Butyricicoccaceae )"
"ASV197",0.100083333333333,"Bacteria","Firmicutes","Clostridia","Oscillospirales","Ruminococcaceae","Incertae Sedis",11,"Stress Post","ASV197  ( Ruminococcaceae )"
"ASV146",0.09935,"Bacteria","Firmicutes","Clostridia","Lachnospirales","Lachnospiraceae","Lachnoclostridium",12,"Stress Post","ASV146  ( Lachnospiraceae )"
"ASV282",0.0952666666666666,"Bacteria","Firmicutes","Clostridia","Lachnospirales","Lachnospiraceae","Lachnospiraceae UCG-001",13,"Stress Post","ASV282  ( Lachnospiraceae )"
"ASV457",0.0948333333333333,"Bacteria","Firmicutes","Clostridia","Clostridia vadinBB60 group",NA,NA,14,"Stress Post","ASV457  ( NA )"
"ASV60",0.087,"Bacteria","Firmicutes","Clostridia","Lachnospirales","Lachnospiraceae",NA,15,"Naive Post","ASV60  ( Lachnospiraceae )"
"ASV117",0.0749047619047619,"Bacteria","Firmicutes","Clostridia","Oscillospirales","Oscillospiraceae",NA,16,"Stress Post","ASV117  ( Oscillospiraceae )"
"ASV134",0.0744714285714286,"Bacteria","Firmicutes","Clostridia","Lachnospirales","Lachnospiraceae","A2",17,"Naive Post","ASV134  ( Lachnospiraceae )"
"ASV100",0.0727555555555556,"Bacteria","Firmicutes","Bacilli","Staphylococcales","Staphylococcaceae","Staphylococcus",18,"Stress Post","ASV100  ( Staphylococcaceae )"
"ASV55",0.0715,"Bacteria","Firmicutes","Clostridia","Lachnospirales","Lachnospiraceae",NA,19,"Naive Post","ASV55  ( Lachnospiraceae )"
"ASV323",0.0681309523809524,"Bacteria","Firmicutes","Clostridia","Lachnospirales","Lachnospiraceae",NA,20,"Naive Post","ASV323  ( Lachnospiraceae )"
"ASV366",0.0670833333333333,"Bacteria","Firmicutes","Clostridia","Oscillospirales","Oscillospiraceae","Oscillibacter",21,"Naive Post","ASV366  ( Oscillospiraceae )"
"ASV484",0.0665428571428571,"Bacteria","Firmicutes","Clostridia","Clostridia vadinBB60 group",NA,NA,22,"Stress Post","ASV484  ( NA )"
"ASV50",0.0652698412698413,"Bacteria","Firmicutes","Clostridia","Clostridiales","Clostridiaceae","Clostridium sensu stricto 1",23,"Naive Post","ASV50  ( Clostridiaceae )"
"ASV266",0.0601666666666667,"Bacteria","Firmicutes","Bacilli","Erysipelotrichales","Erysipelotrichaceae",NA,24,"Stress Post","ASV266  ( Erysipelotrichaceae )"
"ASV204",0.0595190476190476,"Bacteria","Firmicutes","Clostridia","Lachnospirales","Lachnospiraceae","Lachnospiraceae FCS020 group",25,"Naive Post","ASV204  ( Lachnospiraceae )"
"ASV79",0.05625,"Bacteria","Firmicutes","Clostridia","Lachnospirales","Lachnospiraceae",NA,26,"Stress Post","ASV79  ( Lachnospiraceae )"
"ASV465",0.055797619047619,"Bacteria","Firmicutes","Clostridia","Oscillospirales","Oscillospiraceae",NA,27,"Stress Post","ASV465  ( Oscillospiraceae )"
"ASV206",0.0548809523809524,"Bacteria","Firmicutes","Clostridia","Lachnospirales","Lachnospiraceae","Lachnospiraceae FCS020 group",28,"Naive Post","ASV206  ( Lachnospiraceae )"
"ASV196",0.052602380952381,"Bacteria","Firmicutes","Clostridia","Oscillospirales","Oscillospiraceae",NA,29,"Stress Post","ASV196  ( Oscillospiraceae )"
"ASV398",0.0521587301587302,"Bacteria","Firmicutes","Clostridia","Clostridia vadinBB60 group",NA,NA,30,"Stress Post","ASV398  ( NA )"
"ASV75",0.0516222222222222,"Bacteria","Firmicutes","Clostridia","Lachnospirales","Lachnospiraceae","Lachnospiraceae NK4A136 group",31,"Stress Post","ASV75  ( Lachnospiraceae )"
"ASV103",0.0508333333333333,"Bacteria","Firmicutes","Clostridia","Oscillospirales","Oscillospiraceae","Colidextribacter",32,"Stress Post","ASV103  ( Oscillospiraceae )"
"ASV292",0.04975,"Bacteria","Firmicutes","Clostridia","Clostridia vadinBB60 group",NA,NA,33,"Stress Post","ASV292  ( NA )"
"ASV186",0.0489333333333333,"Bacteria","Firmicutes","Clostridia","Lachnospirales","Lachnospiraceae","Tuzzerella",34,"Naive Post","ASV186  ( Lachnospiraceae )"
"ASV413",0.0488333333333333,"Bacteria","Firmicutes","Bacilli","Erysipelotrichales","Erysipelatoclostridiaceae",NA,35,"Stress Post","ASV413  ( Erysipelatoclostridiaceae )"
"ASV89",0.0477142857142857,"Bacteria","Firmicutes","Clostridia","Lachnospirales","Lachnospiraceae","Lachnospiraceae NK4A136 group",36,"Stress Post","ASV89  ( Lachnospiraceae )"
"ASV234",0.0467142857142857,"Bacteria","Firmicutes","Bacilli","RF39",NA,NA,37,"Stress Post","ASV234  ( NA )"
"ASV295",0.045,"Bacteria","Firmicutes","Clostridia","Oscillospirales","Oscillospiraceae","Oscillibacter",38,"Stress Post","ASV295  ( Oscillospiraceae )"
"ASV265",0.0447301587301587,"Bacteria","Firmicutes","Clostridia","Oscillospirales","Oscillospiraceae","Intestinimonas",39,"Stress Post","ASV265  ( Oscillospiraceae )"
"ASV284",0.0414880952380952,"Bacteria","Firmicutes","Clostridia","Lachnospirales","Lachnospiraceae",NA,40,"Stress Post","ASV284  ( Lachnospiraceae )"
"ASV78",0.0406904761904762,"Bacteria","Firmicutes","Clostridia","Lachnospirales","Lachnospiraceae","Tyzzerella",41,"Stress Post","ASV78  ( Lachnospiraceae )"
"ASV198",0.0403333333333333,"Bacteria","Firmicutes","Clostridia","Lachnospirales","Lachnospiraceae",NA,42,"Stress Post","ASV198  ( Lachnospiraceae )"
"ASV82",0.0397357142857143,"Bacteria","Firmicutes","Clostridia","Lachnospirales","Lachnospiraceae","Lachnospiraceae NK4A136 group",43,"Stress Post","ASV82  ( Lachnospiraceae )"
"ASV229",0.039047619047619,"Bacteria","Firmicutes","Clostridia","Lachnospirales","Lachnospiraceae",NA,44,"Stress Post","ASV229  ( Lachnospiraceae )"
"ASV349",0.0387142857142857,"Bacteria","Firmicutes","Clostridia","Oscillospirales","Ruminococcaceae",NA,45,"Naive Post","ASV349  ( Ruminococcaceae )"
"ASV1",0.0385,"Bacteria","Firmicutes","Bacilli","Lactobacillales","Lactobacillaceae","Lactobacillus",46,"Naive Post","ASV1  ( Lactobacillaceae )"
"ASV86",0.0375190476190476,"Bacteria","Firmicutes","Clostridia","Peptostreptococcales-Tissierellales","Peptostreptococcaceae","Romboutsia",47,"Naive Post","ASV86  ( Peptostreptococcaceae )"
"ASV147",0.03625,"Bacteria","Firmicutes","Clostridia","Lachnospirales","Lachnospiraceae",NA,48,"Stress Post","ASV147  ( Lachnospiraceae )"
"ASV13",0.0361190476190476,"Bacteria","Firmicutes","Clostridia","Lachnospirales","Lachnospiraceae","Lachnospiraceae NK4A136 group",49,"Naive Post","ASV13  ( Lachnospiraceae )"
"ASV180",0.0346666666666667,"Bacteria","Firmicutes","Clostridia","Oscillospirales","Ruminococcaceae",NA,50,"Stress Post","ASV180  ( Ruminococcaceae )"
"ASV96",0.0345,"Bacteria","Firmicutes","Clostridia","Lachnospirales","Lachnospiraceae",NA,51,"Stress Post","ASV96  ( Lachnospiraceae )"
"ASV304",0.0343642857142857,"Bacteria","Firmicutes","Bacilli","RF39",NA,NA,52,"Stress Post","ASV304  ( NA )"
"ASV107",0.0337023809523809,"Bacteria","Firmicutes","Clostridia","Lachnospirales","Lachnospiraceae","GCA-900066575",53,"Naive Post","ASV107  ( Lachnospiraceae )"
"ASV388",0.0306111111111111,"Bacteria","Firmicutes","Clostridia","Peptostreptococcales-Tissierellales","Anaerovoracaceae","Family XIII AD3011 group",54,"Stress Post","ASV388  ( Anaerovoracaceae )"
"ASV88",0.0291666666666667,"Bacteria","Firmicutes","Clostridia","Oscillospirales","Oscillospiraceae","Colidextribacter",55,"Stress Post","ASV88  ( Oscillospiraceae )"
"ASV161",0.0289809523809524,"Bacteria","Firmicutes","Clostridia","Lachnospirales","Lachnospiraceae",NA,56,"Naive Post","ASV161  ( Lachnospiraceae )"
"ASV106",0.0286666666666667,"Bacteria","Firmicutes","Clostridia","Oscillospirales","Ruminococcaceae","Incertae Sedis",57,"Stress Post","ASV106  ( Ruminococcaceae )"
"ASV269",0.0278333333333333,"Bacteria","Firmicutes","Clostridia","Oscillospirales","Oscillospiraceae","Oscillospira",58,"Stress Post","ASV269  ( Oscillospiraceae )"
"ASV5",0.0272333333333333,"Bacteria","Firmicutes","Bacilli","Erysipelotrichales","Erysipelotrichaceae","Turicibacter",59,"Naive Post","ASV5  ( Erysipelotrichaceae )"
"ASV14",0.0268809523809524,"Bacteria","Firmicutes","Clostridia","Lachnospirales","Lachnospiraceae","Lachnospiraceae NK4A136 group",60,"Naive Post","ASV14  ( Lachnospiraceae )"
"ASV70",0.0266,"Bacteria","Firmicutes","Clostridia","Lachnospirales","Lachnospiraceae","Marvinbryantia",61,"Stress Post","ASV70  ( Lachnospiraceae )"
"ASV23",0.0262333333333333,"Bacteria","Firmicutes","Clostridia","Oscillospirales","Ruminococcaceae","Ruminococcus",62,"Naive Post","ASV23  ( Ruminococcaceae )"
"ASV54",0.0262142857142857,"Bacteria","Firmicutes","Clostridia","Lachnospirales","Lachnospiraceae","[Eubacterium] xylanophilum group",63,"Naive Post","ASV54  ( Lachnospiraceae )"
"ASV317",0.02525,"Bacteria","Firmicutes","Clostridia","Clostridia UCG-014",NA,NA,64,"Stress Post","ASV317  ( NA )"
"ASV65",0.0250333333333333,"Bacteria","Firmicutes","Clostridia","Lachnospirales","Lachnospiraceae","Lachnospiraceae FCS020 group",65,"Naive Post","ASV65  ( Lachnospiraceae )"
"ASV129",0.0249166666666667,"Bacteria","Firmicutes","Clostridia","Lachnospirales","Lachnospiraceae","Lachnoclostridium",66,"Stress Post","ASV129  ( Lachnospiraceae )"
"ASV122",0.0233333333333333,"Bacteria","Firmicutes","Clostridia","Peptostreptococcales-Tissierellales","Peptostreptococcaceae","Romboutsia",67,"Naive Post","ASV122  ( Peptostreptococcaceae )"
"ASV61",0.0229523809523809,"Bacteria","Firmicutes","Clostridia","Lachnospirales","Lachnospiraceae","Lachnospiraceae NK4A136 group",68,"Stress Post","ASV61  ( Lachnospiraceae )"
"ASV251",0.0229444444444444,"Bacteria","Cyanobacteria","Cyanobacteriia","Chloroplast",NA,NA,69,"Stress Post","ASV251  ( NA )"
"ASV224",0.0229166666666667,"Bacteria","Firmicutes","Clostridia","Lachnospirales","Lachnospiraceae","Lachnospiraceae UCG-001",70,"Stress Post","ASV224  ( Lachnospiraceae )"
"ASV628",0.0225523809523809,"Bacteria","Firmicutes","Clostridia","Clostridia UCG-014",NA,NA,71,"Naive Post","ASV628  ( NA )"
"ASV283",0.0224166666666667,"Bacteria","Firmicutes","Clostridia","Clostridia UCG-014",NA,NA,72,"Naive Post","ASV283  ( NA )"
"ASV226",0.0222666666666667,"Bacteria","Firmicutes","Clostridia","Oscillospirales","Oscillospiraceae","UCG-005",73,"Naive Post","ASV226  ( Oscillospiraceae )"
"ASV104",0.0221,"Bacteria","Firmicutes","Clostridia","Lachnospirales","Lachnospiraceae",NA,74,"Stress Post","ASV104  ( Lachnospiraceae )"
"ASV493",0.0218666666666667,"Bacteria","Firmicutes","Clostridia","Lachnospirales","Lachnospiraceae","Roseburia",75,"Stress Post","ASV493  ( Lachnospiraceae )"
"ASV306",0.0218333333333333,"Bacteria","Firmicutes","Clostridia","Oscillospirales","Ruminococcaceae","Ruminococcus",76.5,"Naive Post","ASV306  ( Ruminococcaceae )"
"ASV402",0.0218333333333333,"Bacteria","Firmicutes","Clostridia","Clostridia vadinBB60 group",NA,NA,76.5,"Stress Post","ASV402  ( NA )"
"ASV537",0.0214722222222222,"Bacteria","Firmicutes","Clostridia","Peptostreptococcales-Tissierellales","Anaerovoracaceae","Family XIII AD3011 group",78,"Stress Post","ASV537  ( Anaerovoracaceae )"
"ASV132",0.0207857142857143,"Bacteria","Firmicutes","Clostridia","Lachnospirales","Lachnospiraceae","Lachnoclostridium",79,"Stress Post","ASV132  ( Lachnospiraceae )"
"ASV124",0.0204523809523809,"Bacteria","Firmicutes","Clostridia","Lachnospirales","Lachnospiraceae","Lachnospiraceae NK4A136 group",80,"Naive Post","ASV124  ( Lachnospiraceae )"
"ASV80",0.0202222222222222,"Bacteria","Firmicutes","Clostridia","Lachnospirales","Lachnospiraceae","Lachnospiraceae FCS020 group",81,"Stress Post","ASV80  ( Lachnospiraceae )"
"ASV95",0.0202023809523809,"Bacteria","Firmicutes","Clostridia","Clostridia UCG-014",NA,NA,82,"Stress Post","ASV95  ( NA )"
"ASV91",0.019352380952381,"Bacteria","Firmicutes","Clostridia","Lachnospirales","Lachnospiraceae",NA,83,"Stress Post","ASV91  ( Lachnospiraceae )"
"ASV236",0.0190079365079365,"Bacteria","Firmicutes","Clostridia","Peptostreptococcales-Tissierellales","Anaerovoracaceae","[Eubacterium] brachy group",84,"Stress Post","ASV236  ( Anaerovoracaceae )"
"ASV332",0.0189333333333333,"Bacteria","Firmicutes","Clostridia","Lachnospirales","Lachnospiraceae",NA,85,"Naive Post","ASV332  ( Lachnospiraceae )"
"ASV420",0.0188333333333333,"Bacteria","Firmicutes","Clostridia","Oscillospirales","Oscillospiraceae","Oscillibacter",86,"Naive Post","ASV420  ( Oscillospiraceae )"
"ASV368",0.0178333333333333,"Bacteria","Firmicutes","Clostridia","Oscillospirales","Ruminococcaceae",NA,87,"Stress Post","ASV368  ( Ruminococcaceae )"
"ASV6",0.0176190476190476,"Bacteria","Bacteroidota","Bacteroidia","Bacteroidales","Muribaculaceae",NA,88,"Naive Post","ASV6  ( Muribaculaceae )"
"ASV445",0.0173333333333333,"Bacteria","Firmicutes","Clostridia","Lachnospirales","Lachnospiraceae","Lachnospiraceae UCG-010",89,"Stress Post","ASV445  ( Lachnospiraceae )"
"ASV483",0.0171222222222222,"Bacteria","Firmicutes","Clostridia","Oscillospirales","Oscillospiraceae",NA,90,"Stress Post","ASV483  ( Oscillospiraceae )"
"ASV411",0.0171111111111111,"Bacteria","Firmicutes","Clostridia","Oscillospirales","Oscillospiraceae","Intestinimonas",91,"Stress Post","ASV411  ( Oscillospiraceae )"
"ASV222",0.017,"Bacteria","Firmicutes","Clostridia","Clostridia UCG-014",NA,NA,92,"Naive Post","ASV222  ( NA )"
"ASV113",0.0167142857142857,"Bacteria","Firmicutes","Clostridia","Lachnospirales","Lachnospiraceae","Lachnospiraceae NK4A136 group",93,"Stress Post","ASV113  ( Lachnospiraceae )"
"ASV219",0.0166857142857143,"Bacteria","Firmicutes","Clostridia","Lachnospirales","Lachnospiraceae",NA,94,"Stress Post","ASV219  ( Lachnospiraceae )"
"ASV64",0.0165809523809524,"Bacteria","Firmicutes","Clostridia","Lachnospirales","Lachnospiraceae","Marvinbryantia",95,"Stress Post","ASV64  ( Lachnospiraceae )"
"ASV208",0.0156666666666667,"Bacteria","Firmicutes","Clostridia","Oscillospirales","[Eubacterium] coprostanoligenes group",NA,96,"Naive Post","ASV208  ( [Eubacterium] coprostanoligenes group )"
"ASV170",0.0145,"Bacteria","Firmicutes","Clostridia","Oscillospirales","[Eubacterium] coprostanoligenes group",NA,97,"Naive Post","ASV170  ( [Eubacterium] coprostanoligenes group )"
"ASV486",0.0142023809523809,"Bacteria","Firmicutes","Clostridia","Clostridia vadinBB60 group",NA,NA,98,"Stress Post","ASV486  ( NA )"
"ASV152",0.0137142857142857,"Bacteria","Firmicutes","Clostridia","Lachnospirales","Lachnospiraceae",NA,99,"Stress Post","ASV152  ( Lachnospiraceae )"
"ASV167",0.013547619047619,"Bacteria","Firmicutes","Clostridia","Lachnospirales","Lachnospiraceae","Lachnospiraceae UCG-001",100,"Stress Post","ASV167  ( Lachnospiraceae )"
"ASV16",0.0134333333333333,"Bacteria","Verrucomicrobiota","Verrucomicrobiae","Verrucomicrobiales","Akkermansiaceae","Akkermansia",101,"Naive Post","ASV16  ( Akkermansiaceae )"
"ASV205",0.0133888888888889,"Bacteria","Firmicutes","Clostridia","Monoglobales","Monoglobaceae","Monoglobus",102,"Naive Post","ASV205  ( Monoglobaceae )"
"ASV84",0.013352380952381,"Bacteria","Firmicutes","Clostridia","Lachnospirales","Lachnospiraceae","Roseburia",103,"Naive Post","ASV84  ( Lachnospiraceae )"
"ASV639",0.0129523809523809,"Bacteria","Firmicutes","Clostridia","Clostridia vadinBB60 group",NA,NA,104,"Stress Post","ASV639  ( NA )"
"ASV301",0.0129166666666667,"Bacteria","Firmicutes","Clostridia","Oscillospirales","Oscillospiraceae",NA,105,"Stress Post","ASV301  ( Oscillospiraceae )"
"ASV43",0.0127666666666667,"Bacteria","Firmicutes","Clostridia","Lachnospirales","Lachnospiraceae",NA,106,"Naive Post","ASV43  ( Lachnospiraceae )"
"ASV101",0.0122888888888889,"Bacteria","Firmicutes","Clostridia","Oscillospirales","Oscillospiraceae","Colidextribacter",107,"Stress Post","ASV101  ( Oscillospiraceae )"
"ASV370",0.0121111111111111,"Bacteria","Firmicutes","Clostridia","Clostridia UCG-014",NA,NA,108,"Stress Post","ASV370  ( NA )"
"ASV114",0.012,"Bacteria","Firmicutes","Clostridia","Lachnospirales","Lachnospiraceae","A2",109.5,"Naive Post","ASV114  ( Lachnospiraceae )"
"ASV185",0.012,"Bacteria","Firmicutes","Clostridia","Lachnospirales","Lachnospiraceae","Acetatifactor",109.5,"Stress Post","ASV185  ( Lachnospiraceae )"
"ASV159",0.0118333333333333,"Bacteria","Firmicutes","Clostridia","Lachnospirales","Lachnospiraceae","Lachnospiraceae UCG-001",111,"Stress Post","ASV159  ( Lachnospiraceae )"
"ASV262",0.0117142857142857,"Bacteria","Firmicutes","Clostridia","Lachnospirales","Lachnospiraceae",NA,112,"Stress Post","ASV262  ( Lachnospiraceae )"
"ASV263",0.0115833333333333,"Bacteria","Firmicutes","Clostridia","Clostridia UCG-014",NA,NA,113,"Stress Post","ASV263  ( NA )"
"ASV73",0.011547619047619,"Bacteria","Firmicutes","Clostridia","Lachnospirales","Lachnospiraceae",NA,114,"Stress Post","ASV73  ( Lachnospiraceae )"
"ASV127",0.0113333333333333,"Bacteria","Firmicutes","Clostridia","Lachnospirales","Lachnospiraceae","A2",115.5,"Stress Post","ASV127  ( Lachnospiraceae )"
"ASV212",0.0113333333333333,"Bacteria","Firmicutes","Clostridia","Lachnospirales","Lachnospiraceae","Lachnospiraceae UCG-006",115.5,"Stress Post","ASV212  ( Lachnospiraceae )"
"ASV162",0.011047619047619,"Bacteria","Firmicutes","Clostridia","Lachnospirales","Lachnospiraceae","ASF356",117,"Stress Post","ASV162  ( Lachnospiraceae )"
"ASV453",0.011,"Bacteria","Firmicutes","Bacilli","RF39",NA,NA,118,"Stress Post","ASV453  ( NA )"
"ASV361",0.010547619047619,"Bacteria","Firmicutes","Clostridia","Oscillospirales","Ruminococcaceae",NA,119,"Stress Post","ASV361  ( Ruminococcaceae )"
"ASV123",0.0104888888888889,"Bacteria","Firmicutes","Clostridia","Lachnospirales","Lachnospiraceae","Marvinbryantia",120,"Stress Post","ASV123  ( Lachnospiraceae )"
"ASV384",0.01025,"Bacteria","Firmicutes","Clostridia","Oscillospirales","Butyricicoccaceae","Butyricicoccus",121,"Stress Post","ASV384  ( Butyricicoccaceae )"
"ASV462",0.00991666666666667,"Bacteria","Firmicutes","Clostridia","Lachnospirales","Lachnospiraceae",NA,122,"Stress Post","ASV462  ( Lachnospiraceae )"
"ASV286",0.00961904761904762,"Bacteria","Firmicutes","Clostridia","Lachnospirales","Lachnospiraceae",NA,123,"Stress Post","ASV286  ( Lachnospiraceae )"
"ASV215",0.0095,"Bacteria","Firmicutes","Clostridia","Oscillospirales","Ruminococcaceae","Anaerotruncus",124,"Stress Post","ASV215  ( Ruminococcaceae )"
"ASV245",0.00933333333333333,"Bacteria","Firmicutes","Clostridia","Clostridia vadinBB60 group",NA,NA,125,"Stress Post","ASV245  ( NA )"
"ASV377",0.00921904761904762,"Bacteria","Firmicutes","Clostridia","Lachnospirales","Lachnospiraceae",NA,126,"Stress Post","ASV377  ( Lachnospiraceae )"
"ASV250",0.00906666666666667,"Bacteria","Firmicutes","Clostridia","Lachnospirales","Lachnospiraceae",NA,127.5,"Naive Post","ASV250  ( Lachnospiraceae )"
"ASV415",0.00906666666666667,"Bacteria","Firmicutes","Clostridia","Oscillospirales","Oscillospiraceae","Colidextribacter",127.5,"Naive Post","ASV415  ( Oscillospiraceae )"
"ASV297",0.00857142857142857,"Bacteria","Firmicutes","Clostridia","Clostridiales","Clostridiaceae","Clostridium sensu stricto 1",129,"Naive Post","ASV297  ( Clostridiaceae )"
"ASV363",0.00825,"Bacteria","Firmicutes","Clostridia","Oscillospirales","Oscillospiraceae","NK4A214 group",130,"Stress Post","ASV363  ( Oscillospiraceae )"
"ASV328",0.00824444444444444,"Bacteria","Firmicutes","Clostridia","Clostridia vadinBB60 group",NA,NA,131,"Stress Post","ASV328  ( NA )"
"ASV98",0.00784126984126984,"Bacteria","Firmicutes","Clostridia","Lachnospirales","Lachnospiraceae","Lachnoclostridium",132,"Stress Post","ASV98  ( Lachnospiraceae )"
"ASV373",0.00777777777777778,"Bacteria","Firmicutes","Clostridia","Lachnospirales","Lachnospiraceae",NA,133,"Naive Post","ASV373  ( Lachnospiraceae )"
"ASV42",0.00772222222222222,"Bacteria","Firmicutes","Clostridia","Lachnospirales","Lachnospiraceae","[Eubacterium] ventriosum group",134,"Stress Post","ASV42  ( Lachnospiraceae )"
"ASV4",0.00761904761904762,"Bacteria","Bacteroidota","Bacteroidia","Bacteroidales","Muribaculaceae",NA,135,"Naive Post","ASV4  ( Muribaculaceae )"
"ASV71",0.0076,"Bacteria","Firmicutes","Clostridia","Oscillospirales","Oscillospiraceae","Oscillibacter",136,"Naive Post","ASV71  ( Oscillospiraceae )"
"ASV49",0.00711428571428571,"Bacteria","Firmicutes","Clostridia","Lachnospirales","Lachnospiraceae","Lachnospiraceae NK4A136 group",137,"Stress Post","ASV49  ( Lachnospiraceae )"
"ASV1155",0.00676190476190476,"Bacteria","Firmicutes","Clostridia","Lachnospirales","Lachnospiraceae",NA,138,"Naive Post","ASV1155  ( Lachnospiraceae )"
"ASV34",0.0066,"Bacteria","Firmicutes","Clostridia","Lachnospirales","Lachnospiraceae","Lachnospiraceae NK4A136 group",139,"Naive Post","ASV34  ( Lachnospiraceae )"
"ASV182",0.00616666666666667,"Bacteria","Firmicutes","Clostridia","Lachnospirales","Lachnospiraceae",NA,140.5,"Naive Post","ASV182  ( Lachnospiraceae )"
"ASV474",0.00616666666666667,"Bacteria","Firmicutes","Clostridia","Clostridia vadinBB60 group",NA,NA,140.5,"Stress Post","ASV474  ( NA )"
"ASV268",0.0061,"Bacteria","Firmicutes","Clostridia","Oscillospirales","Ruminococcaceae",NA,142,"Stress Post","ASV268  ( Ruminococcaceae )"
"ASV125",0.006,"Bacteria","Firmicutes","Clostridia","Lachnospirales","Lachnospiraceae","Marvinbryantia",145,"Stress Post","ASV125  ( Lachnospiraceae )"
"ASV137",0.006,"Bacteria","Firmicutes","Clostridia","Oscillospirales","Oscillospiraceae",NA,145,"Naive Post","ASV137  ( Oscillospiraceae )"
"ASV191",0.006,"Bacteria","Firmicutes","Clostridia","Lachnospirales","Lachnospiraceae","Lachnoclostridium",145,"Stress Post","ASV191  ( Lachnospiraceae )"
"ASV404",0.006,"Bacteria","Firmicutes","Clostridia","Lachnospirales","Lachnospiraceae","Lachnospiraceae NK4A136 group",145,"Stress Post","ASV404  ( Lachnospiraceae )"
"ASV512",0.006,"Bacteria","Firmicutes","Clostridia","Oscillospirales","Ruminococcaceae","Harryflintia",145,"Naive Post","ASV512  ( Ruminococcaceae )"
"ASV403",0.00588095238095238,"Bacteria","Firmicutes","Clostridia","Clostridia vadinBB60 group",NA,NA,148,"Stress Post","ASV403  ( NA )"
"ASV110",0.00583333333333333,"Bacteria","Firmicutes","Clostridia","Lachnospirales","Lachnospiraceae","Lachnospiraceae NK4A136 group",150.5,"Stress Post","ASV110  ( Lachnospiraceae )"
"ASV166",0.00583333333333333,"Bacteria","Firmicutes","Clostridia","Clostridia UCG-014",NA,NA,150.5,"Naive Post","ASV166  ( NA )"
"ASV337",0.00583333333333333,"Bacteria","Firmicutes","Clostridia","Oscillospirales","Oscillospiraceae",NA,150.5,"Stress Post","ASV337  ( Oscillospiraceae )"
"ASV441",0.00583333333333333,"Bacteria","Firmicutes","Clostridia","Clostridia UCG-014",NA,NA,150.5,"Stress Post","ASV441  ( NA )"
"ASV255",0.00576666666666667,"Bacteria","Firmicutes","Clostridia","Lachnospirales","Lachnospiraceae",NA,153,"Naive Post","ASV255  ( Lachnospiraceae )"
"ASV312",0.00568333333333333,"Bacteria","Firmicutes","Clostridia","Lachnospirales","Lachnospiraceae",NA,154,"Stress Post","ASV312  ( Lachnospiraceae )"
"ASV118",0.00533333333333333,"Bacteria","Firmicutes","Clostridia","Lachnospirales","Lachnospiraceae",NA,159,"Stress Post","ASV118  ( Lachnospiraceae )"
"ASV145",0.00533333333333333,"Bacteria","Firmicutes","Clostridia","Oscillospirales","Oscillospiraceae","Oscillibacter",159,"Stress Post","ASV145  ( Oscillospiraceae )"
"ASV148",0.00533333333333333,"Bacteria","Firmicutes","Clostridia","Peptococcales","Peptococcaceae",NA,159,"Stress Post","ASV148  ( Peptococcaceae )"
"ASV158",0.00533333333333333,"Bacteria","Firmicutes","Clostridia","Clostridiales","Clostridiaceae","Clostridium sensu stricto 1",159,"Naive Post","ASV158  ( Clostridiaceae )"
"ASV193",0.00533333333333333,"Bacteria","Firmicutes","Clostridia","Lachnospirales","Lachnospiraceae","Lachnospiraceae NK4A136 group",159,"Naive Post","ASV193  ( Lachnospiraceae )"
"ASV233",0.00533333333333333,"Bacteria","Firmicutes","Clostridia","Lachnospirales","Lachnospiraceae",NA,159,"Naive Post","ASV233  ( Lachnospiraceae )"
"ASV242",0.00533333333333333,"Bacteria","Firmicutes","Clostridia","Lachnospirales","Lachnospiraceae","Lachnospiraceae UCG-004",159,"Stress Post","ASV242  ( Lachnospiraceae )"
"ASV40",0.00533333333333333,"Bacteria","Firmicutes","Clostridia","Oscillospirales","Ruminococcaceae","Incertae Sedis",159,"Naive Post","ASV40  ( Ruminococcaceae )"
"ASV435",0.00533333333333333,"Bacteria","Firmicutes","Clostridia","Lachnospirales","Lachnospiraceae","Lachnospiraceae UCG-006",159,"Naive Post","ASV435  ( Lachnospiraceae )"
"ASV252",0.00530555555555555,"Bacteria","Firmicutes","Clostridia","Clostridia UCG-014",NA,NA,164,"Naive Post","ASV252  ( NA )"
"ASV575",0.00508333333333333,"Bacteria","Firmicutes","Clostridia","Oscillospirales","Ruminococcaceae",NA,165,"Naive Post","ASV575  ( Ruminococcaceae )"
"ASV468",0.00504761904761905,"Bacteria","Firmicutes","Clostridia","Lachnospirales","Lachnospiraceae","Lachnospiraceae UCG-010",166,"Naive Post","ASV468  ( Lachnospiraceae )"
"ASV81",0.005,"Bacteria","Firmicutes","Clostridia","Lachnospirales","Lachnospiraceae","Lachnospiraceae UCG-001",167,"Stress Post","ASV81  ( Lachnospiraceae )"
"ASV264",0.0045,"Bacteria","Firmicutes","Bacilli","Erysipelotrichales","Erysipelotrichaceae",NA,169.5,"Stress Post","ASV264  ( Erysipelotrichaceae )"
"ASV320",0.0045,"Bacteria","Firmicutes","Clostridia","Lachnospirales","Lachnospiraceae",NA,169.5,"Naive Post","ASV320  ( Lachnospiraceae )"
"ASV33",0.0045,"Bacteria","Firmicutes","Clostridia","Lachnospirales","Lachnospiraceae","Lachnospiraceae NK4A136 group",169.5,"Stress Post","ASV33  ( Lachnospiraceae )"
"ASV45",0.0045,"Bacteria","Firmicutes","Clostridia","Lachnospirales","Lachnospiraceae","[Eubacterium] xylanophilum group",169.5,"Naive Post","ASV45  ( Lachnospiraceae )"
"ASV450",0.00428571428571429,"Bacteria","Firmicutes","Clostridia","Clostridia UCG-014",NA,NA,172,"Stress Post","ASV450  ( NA )"
"ASV188",0.00416666666666666,"Bacteria","Firmicutes","Clostridia","Oscillospirales","Ruminococcaceae","[Eubacterium] siraeum group",174,"Stress Post","ASV188  ( Ruminococcaceae )"
"ASV221",0.00416666666666666,"Bacteria","Firmicutes","Bacilli","RF39",NA,NA,174,"Stress Post","ASV221  ( NA )"
"ASV256",0.00416666666666666,"Bacteria","Firmicutes","Clostridia","Lachnospirales","Lachnospiraceae","Lachnospiraceae NK4B4 group",174,"Stress Post","ASV256  ( Lachnospiraceae )"
"ASV111",0.00375,"Bacteria","Firmicutes","Clostridia","Lachnospirales","Lachnospiraceae","Lachnospiraceae NK4A136 group",176,"Stress Post","ASV111  ( Lachnospiraceae )"
"ASV121",0.00373333333333333,"Bacteria","Firmicutes","Clostridia","Lachnospirales","Lachnospiraceae",NA,177.5,"Stress Post","ASV121  ( Lachnospiraceae )"
"ASV383",0.00373333333333333,"Bacteria","Firmicutes","Clostridia","Lachnospirales","Lachnospiraceae","Lachnoclostridium",177.5,"Stress Post","ASV383  ( Lachnospiraceae )"
"ASV189",0.00355555555555555,"Bacteria","Firmicutes","Clostridia","Oscillospirales","Butyricicoccaceae","Butyricicoccus",180,"Naive Post","ASV189  ( Butyricicoccaceae )"
"ASV19",0.00355555555555555,"Bacteria","Firmicutes","Clostridia","Oscillospirales","Oscillospiraceae","Oscillibacter",180,"Stress Post","ASV19  ( Oscillospiraceae )"
"ASV321",0.00355555555555555,"Bacteria","Firmicutes","Clostridia","Clostridiales","Clostridiaceae","Clostridium sensu stricto 1",180,"Naive Post","ASV321  ( Clostridiaceae )"
"ASV211",0.00349206349206349,"Bacteria","Firmicutes","Clostridia","Lachnospirales","Lachnospiraceae",NA,182,"Stress Post","ASV211  ( Lachnospiraceae )"
"ASV489",0.00346666666666667,"Bacteria","Firmicutes","Clostridia","Oscillospirales","Oscillospiraceae","UCG-005",183,"Naive Post","ASV489  ( Oscillospiraceae )"
"ASV200",0.00344444444444444,"Bacteria","Firmicutes","Clostridia","Lachnospirales","Lachnospiraceae",NA,184,"Naive Post","ASV200  ( Lachnospiraceae )"
"ASV63",0.00342857142857143,"Bacteria","Firmicutes","Clostridia","Lachnospirales","Lachnospiraceae","Lachnospiraceae NK4A136 group",185,"Stress Post","ASV63  ( Lachnospiraceae )"
"ASV375",0.00338095238095238,"Bacteria","Firmicutes","Clostridia","Oscillospirales","Oscillospiraceae","Colidextribacter",186,"Stress Post","ASV375  ( Oscillospiraceae )"
"ASV299",0.00333333333333333,"Bacteria","Firmicutes","Clostridia","Lachnospirales","Lachnospiraceae",NA,187.5,"Naive Post","ASV299  ( Lachnospiraceae )"
"ASV443",0.00333333333333333,"Bacteria","Firmicutes","Clostridia","Lachnospirales","Lachnospiraceae","Acetatifactor",187.5,"Stress Post","ASV443  ( Lachnospiraceae )"
"ASV154",0.003,"Bacteria","Proteobacteria","Gammaproteobacteria","Burkholderiales","Sutterellaceae","Parasutterella",189.5,"Naive Post","ASV154  ( Sutterellaceae )"
"ASV391",0.003,"Bacteria","Firmicutes","Clostridia","Oscillospirales","Ruminococcaceae","Incertae Sedis",189.5,"Naive Post","ASV391  ( Ruminococcaceae )"
"ASV517",0.00285714285714286,"Bacteria","Firmicutes","Clostridia","Lachnospirales","Lachnospiraceae",NA,191,"Naive Post","ASV517  ( Lachnospiraceae )"
"ASV288",0.00233333333333333,"Bacteria","Firmicutes","Clostridia","Lachnospirales","Lachnospiraceae","GCA-900066575",192,"Naive Post","ASV288  ( Lachnospiraceae )"
"ASV390",0.00208333333333333,"Bacteria","Firmicutes","Clostridia","Lachnospirales","Lachnospiraceae","GCA-900066575",193,"Naive Post","ASV390  ( Lachnospiraceae )"
"ASV259",0.00183333333333333,"Bacteria","Firmicutes","Bacilli","Erysipelotrichales","Erysipelatoclostridiaceae","Erysipelatoclostridium",194.5,"Stress Post","ASV259  ( Erysipelatoclostridiaceae )"
"ASV968",0.00183333333333333,"Bacteria","Proteobacteria","Gammaproteobacteria","Enterobacterales","Enterobacteriaceae","Klebsiella",194.5,"Naive Post","ASV968  ( Enterobacteriaceae )"
"ASV562",0.00177777777777778,"Bacteria","Firmicutes","Bacilli","RF39",NA,NA,196.5,"Stress Post","ASV562  ( NA )"
"ASV643",0.00177777777777778,"Bacteria","Firmicutes","Clostridia","Lachnospirales","Lachnospiraceae","Lachnoclostridium",196.5,"Naive Post","ASV643  ( Lachnospiraceae )"
"ASV136",0.00175,"Bacteria","Firmicutes","Clostridia","Lachnospirales","Lachnospiraceae",NA,199.5,"Naive Post","ASV136  ( Lachnospiraceae )"
"ASV1689",0.00175,"Bacteria","Firmicutes","Clostridia","Lachnospirales","Lachnospiraceae",NA,199.5,"Naive Post","ASV1689  ( Lachnospiraceae )"
"ASV1705",0.00175,"Bacteria","Firmicutes",NA,NA,NA,NA,199.5,"Stress Post","ASV1705  ( NA )"
"ASV296",0.00175,"Bacteria","Firmicutes","Clostridia","Lachnospirales","Lachnospiraceae",NA,199.5,"Naive Post","ASV296  ( Lachnospiraceae )"
"ASV1704",0.00171428571428571,"Bacteria","Firmicutes","Clostridia","Oscillospirales","Oscillospiraceae",NA,203.5,"Stress Post","ASV1704  ( Oscillospiraceae )"
"ASV360",0.00171428571428571,"Bacteria","Firmicutes","Clostridia","Oscillospirales","Oscillospiraceae","Colidextribacter",203.5,"Naive Post","ASV360  ( Oscillospiraceae )"
"ASV508",0.00171428571428571,"Bacteria","Firmicutes","Clostridia","Clostridia UCG-014",NA,NA,203.5,"Naive Post","ASV508  ( NA )"
"ASV535",0.00171428571428571,"Bacteria","Firmicutes","Clostridia","Oscillospirales","Oscillospiraceae","UCG-003",203.5,"Naive Post","ASV535  ( Oscillospiraceae )"
"ASV135",0.00166666666666667,"Bacteria","Firmicutes","Clostridia","Lachnospirales","Lachnospiraceae","ASF356",208,"Stress Post","ASV135  ( Lachnospiraceae )"
"ASV1697",0.00166666666666667,"Bacteria","Proteobacteria","Gammaproteobacteria","Burkholderiales","Comamonadaceae",NA,208,"Stress Post","ASV1697  ( Comamonadaceae )"
"ASV350",0.00166666666666667,"Bacteria","Firmicutes","Clostridia","Clostridia vadinBB60 group",NA,NA,208,"Naive Post","ASV350  ( NA )"
"ASV400",0.00166666666666667,"Bacteria","Firmicutes","Clostridia","Clostridia UCG-014",NA,NA,208,"Naive Post","ASV400  ( NA )"
"ASV424",0.00166666666666667,"Bacteria","Firmicutes","Clostridia","Oscillospirales","Oscillospiraceae","Intestinimonas",208,"Stress Post","ASV424  ( Oscillospiraceae )"
"ASV293",0.0016,"Bacteria","Firmicutes","Clostridia","Lachnospirales","Lachnospiraceae",NA,211,"Naive Post","ASV293  ( Lachnospiraceae )"
"ASV102",0.0015,"Bacteria","Firmicutes","Clostridia","Lachnospirales","Lachnospiraceae","Lachnospiraceae NK4A136 group",213,"Stress Post","ASV102  ( Lachnospiraceae )"
"ASV202",0.0015,"Bacteria","Firmicutes","Clostridia","Clostridia vadinBB60 group",NA,NA,213,"Stress Post","ASV202  ( NA )"
"ASV358",0.0015,"Bacteria","Firmicutes","Clostridia","Lachnospirales","Lachnospiraceae","Lachnoclostridium",213,"Stress Post","ASV358  ( Lachnospiraceae )"
"ASV230",0.001,"Bacteria","Firmicutes","Clostridia","Lachnospirales","Lachnospiraceae",NA,215,"Naive Post","ASV230  ( Lachnospiraceae )"
"ASV1095",0,"Bacteria","Firmicutes","Clostridia","Lachnospirales","Lachnospiraceae","Lachnospiraceae UCG-010",304,"Naive Post","ASV1095  ( Lachnospiraceae )"
"ASV1119",0,"Bacteria","Firmicutes","Clostridia","Oscillospirales","Oscillospiraceae",NA,304,"Naive Post","ASV1119  ( Oscillospiraceae )"
"ASV1120",0,"Bacteria","Firmicutes","Clostridia","Lachnospirales","Lachnospiraceae","Lachnospiraceae NK4A136 group",304,"Stress Post","ASV1120  ( Lachnospiraceae )"
"ASV115",0,"Bacteria","Firmicutes","Clostridia","Lachnospirales","Lachnospiraceae",NA,304,"Naive Post","ASV115  ( Lachnospiraceae )"
"ASV116",0,"Bacteria","Firmicutes","Clostridia","Lachnospirales","Lachnospiraceae","[Eubacterium] xylanophilum group",304,"Naive Post","ASV116  ( Lachnospiraceae )"
"ASV1186",0,"Bacteria","Firmicutes","Clostridia","Lachnospirales","Lachnospiraceae","Lachnospiraceae NK4A136 group",304,"Naive Post","ASV1186  ( Lachnospiraceae )"
"ASV1187",0,"Bacteria","Firmicutes","Clostridia","Lachnospirales","Lachnospiraceae",NA,304,"Stress Post","ASV1187  ( Lachnospiraceae )"
"ASV1188",0,"Bacteria","Actinobacteriota","Coriobacteriia","Coriobacteriales","Coriobacteriales Incertae Sedis",NA,304,"Stress Post","ASV1188  ( Coriobacteriales Incertae Sedis )"
"ASV120",0,"Bacteria","Firmicutes","Clostridia","Lachnospirales","Lachnospiraceae","Lachnospiraceae NK4A136 group",304,"Naive Post","ASV120  ( Lachnospiraceae )"
"ASV1235",0,"Bacteria","Firmicutes","Clostridia","Lachnospirales","Lachnospiraceae","Lachnospiraceae NK4A136 group",304,"Stress Post","ASV1235  ( Lachnospiraceae )"
"ASV1236",0,"Bacteria","Firmicutes","Bacilli","RF39",NA,NA,304,"Stress Post","ASV1236  ( NA )"
"ASV1237",0,"Bacteria","Firmicutes","Clostridia","Oscillospirales","Oscillospiraceae","Oscillibacter",304,"Stress Post","ASV1237  ( Oscillospiraceae )"
"ASV1238",0,"Bacteria","Firmicutes","Clostridia","Lachnospirales","Lachnospiraceae",NA,304,"Stress Post","ASV1238  ( Lachnospiraceae )"
"ASV1291",0,"Bacteria","Actinobacteriota","Actinobacteria","Micrococcales","Microbacteriaceae",NA,304,"Naive Post","ASV1291  ( Microbacteriaceae )"
"ASV1353",0,"Bacteria","Firmicutes","Clostridia","Lachnospirales","Lachnospiraceae","Lachnospiraceae NK4A136 group",304,"Stress Post","ASV1353  ( Lachnospiraceae )"
"ASV1430",0,"Bacteria","Firmicutes","Clostridia","Lachnospirales","Lachnospiraceae",NA,304,"Stress Post","ASV1430  ( Lachnospiraceae )"
"ASV1431",0,"Bacteria","Bacteroidota","Bacteroidia","Bacteroidales","Bacteroidaceae","Bacteroides",304,"Stress Post","ASV1431  ( Bacteroidaceae )"
"ASV153",0,"Bacteria","Firmicutes","Bacilli","Lactobacillales","Lactobacillaceae","Lactobacillus",304,"Naive Post","ASV153  ( Lactobacillaceae )"
"ASV1546",0,"Bacteria","Firmicutes","Clostridia","Lachnospirales","Lachnospiraceae","[Eubacterium] xylanophilum group",304,"Naive Post","ASV1546  ( Lachnospiraceae )"
"ASV1547",0,"Bacteria","Firmicutes","Clostridia","Lachnospirales","Lachnospiraceae",NA,304,"Naive Post","ASV1547  ( Lachnospiraceae )"
"ASV1549",0,"Bacteria","Bacteroidota","Bacteroidia","Bacteroidales","Bacteroidaceae","Bacteroides",304,"Stress Post","ASV1549  ( Bacteroidaceae )"
"ASV156",0,"Bacteria","Firmicutes","Clostridia","Lachnospirales","Lachnospiraceae",NA,304,"Naive Post","ASV156  ( Lachnospiraceae )"
"ASV157",0,"Bacteria","Firmicutes","Clostridia","Lachnospirales","Lachnospiraceae","Lachnospiraceae UCG-001",304,"Stress Post","ASV157  ( Lachnospiraceae )"
"ASV165",0,"Bacteria","Firmicutes","Clostridia","Lachnospirales","Lachnospiraceae",NA,304,"Naive Post","ASV165  ( Lachnospiraceae )"
"ASV1688",0,"Bacteria","Firmicutes","Clostridia","Lachnospirales","Lachnospiraceae",NA,304,"Naive Post","ASV1688  ( Lachnospiraceae )"
"ASV1690",0,"Bacteria","Firmicutes","Clostridia","Lachnospirales","Lachnospiraceae",NA,304,"Naive Post","ASV1690  ( Lachnospiraceae )"
"ASV1691",0,"Bacteria","Firmicutes","Clostridia","Lachnospirales","Lachnospiraceae",NA,304,"Naive Post","ASV1691  ( Lachnospiraceae )"
"ASV1695",0,"Bacteria","Firmicutes","Clostridia","Lachnospirales","Lachnospiraceae",NA,304,"Naive Post","ASV1695  ( Lachnospiraceae )"
"ASV1696",0,"Bacteria","Firmicutes",NA,NA,NA,NA,304,"Naive Post","ASV1696  ( NA )"
"ASV1698",0,"Bacteria","Firmicutes","Clostridia","Lachnospirales","Lachnospiraceae",NA,304,"Stress Post","ASV1698  ( Lachnospiraceae )"
"ASV1699",0,"Bacteria","Proteobacteria","Gammaproteobacteria","Pseudomonadales","Cellvibrionaceae",NA,304,"Stress Post","ASV1699  ( Cellvibrionaceae )"
"ASV1700",0,"Bacteria","Actinobacteriota","Actinobacteria","Glycomycetales","Glycomycetaceae","Glycomyces",304,"Stress Post","ASV1700  ( Glycomycetaceae )"
"ASV1701",0,"Bacteria","Firmicutes","Clostridia","Lachnospirales","Lachnospiraceae","[Eubacterium] xylanophilum group",304,"Stress Post","ASV1701  ( Lachnospiraceae )"
"ASV1702",0,"Bacteria","Firmicutes","Clostridia","Lachnospirales","Lachnospiraceae",NA,304,"Stress Post","ASV1702  ( Lachnospiraceae )"
"ASV1703",0,"Bacteria","Firmicutes","Clostridia","Lachnospirales","Lachnospiraceae","[Eubacterium] xylanophilum group",304,"Stress Post","ASV1703  ( Lachnospiraceae )"
"ASV1706",0,"Bacteria","Firmicutes","Clostridia","Lachnospirales","Lachnospiraceae","Lachnospiraceae NK4A136 group",304,"Stress Post","ASV1706  ( Lachnospiraceae )"
"ASV171",0,"Bacteria","Firmicutes","Clostridia","Lachnospirales","Lachnospiraceae",NA,304,"Naive Post","ASV171  ( Lachnospiraceae )"
"ASV175",0,"Bacteria","Firmicutes","Clostridia","Lachnospirales","Lachnospiraceae","Roseburia",304,"Stress Post","ASV175  ( Lachnospiraceae )"
"ASV1776",0,"Bacteria","Firmicutes","Clostridia","Lachnospirales","Lachnospiraceae",NA,304,"Naive Post","ASV1776  ( Lachnospiraceae )"
"ASV1777",0,"Bacteria","Firmicutes","Clostridia","Clostridia UCG-014",NA,NA,304,"Naive Post","ASV1777  ( NA )"
"ASV1778",0,"Bacteria","Cyanobacteria","Cyanobacteriia","Cyanobacteriales","Nostocaceae","Nostoc PCC-7524",304,"Stress Post","ASV1778  ( Nostocaceae )"
"ASV1779",0,"Bacteria","Proteobacteria","Alphaproteobacteria","Rhizobiales","Rhizobiaceae","Pseudorhizobium",304,"Stress Post","ASV1779  ( Rhizobiaceae )"
"ASV1780",0,"Bacteria","Firmicutes","Clostridia","Lachnospirales","Lachnospiraceae",NA,304,"Stress Post","ASV1780  ( Lachnospiraceae )"
"ASV1781",0,"Bacteria","Firmicutes","Clostridia","Oscillospirales","Oscillospiraceae",NA,304,"Stress Post","ASV1781  ( Oscillospiraceae )"
"ASV1795",0,"Bacteria","Firmicutes","Clostridia","Lachnospirales","Lachnospiraceae","Lachnospiraceae NK4A136 group",304,"Naive Post","ASV1795  ( Lachnospiraceae )"
"ASV181",0,"Bacteria","Firmicutes","Clostridia","Oscillospirales","Oscillospiraceae","Intestinimonas",304,"Naive Post","ASV181  ( Oscillospiraceae )"
"ASV195",0,"Bacteria","Firmicutes","Clostridia","Oscillospirales","UCG-010",NA,304,"Stress Post","ASV195  ( UCG-010 )"
"ASV199",0,"Bacteria","Firmicutes","Clostridia","Clostridia UCG-014",NA,NA,304,"Stress Post","ASV199  ( NA )"
"ASV2",0,"Bacteria","Firmicutes","Bacilli","Lactobacillales","Enterococcaceae","Enterococcus",304,"Stress Post","ASV2  ( Enterococcaceae )"
"ASV203",0,"Bacteria","Firmicutes","Clostridia","Lachnospirales","Lachnospiraceae",NA,304,"Stress Post","ASV203  ( Lachnospiraceae )"
"ASV21",0,"Bacteria","Firmicutes","Clostridia","Oscillospirales","Oscillospiraceae","Intestinimonas",304,"Stress Post","ASV21  ( Oscillospiraceae )"
"ASV213",0,"Bacteria","Firmicutes","Clostridia","Lachnospirales","Lachnospiraceae",NA,304,"Stress Post","ASV213  ( Lachnospiraceae )"
"ASV223",0,"Bacteria","Firmicutes","Clostridia","Oscillospirales","Ruminococcaceae","Anaerotruncus",304,"Naive Post","ASV223  ( Ruminococcaceae )"
"ASV227",0,"Bacteria","Firmicutes","Bacilli","RF39",NA,NA,304,"Naive Post","ASV227  ( NA )"
"ASV228",0,"Bacteria","Firmicutes","Clostridia","Lachnospirales","Lachnospiraceae","Lachnospiraceae NK4A136 group",304,"Naive Post","ASV228  ( Lachnospiraceae )"
"ASV231",0,"Bacteria","Firmicutes","Clostridia","Lachnospirales","Lachnospiraceae","Lachnospiraceae NK4A136 group",304,"Naive Post","ASV231  ( Lachnospiraceae )"
"ASV241",0,"Bacteria","Firmicutes","Clostridia","Oscillospirales","Oscillospiraceae","Oscillibacter",304,"Stress Post","ASV241  ( Oscillospiraceae )"
"ASV244",0,"Bacteria","Firmicutes","Clostridia","Lachnospirales","Lachnospiraceae","A2",304,"Naive Post","ASV244  ( Lachnospiraceae )"
"ASV247",0,"Bacteria","Firmicutes","Clostridia","Lachnospirales","Lachnospiraceae","Lachnospiraceae UCG-006",304,"Stress Post","ASV247  ( Lachnospiraceae )"
"ASV249",0,"Bacteria","Firmicutes","Clostridia","Lachnospirales","Lachnospiraceae","28-4",304,"Stress Post","ASV249  ( Lachnospiraceae )"
"ASV253",0,"Bacteria","Firmicutes","Clostridia","Lachnospirales","Lachnospiraceae","Acetatifactor",304,"Stress Post","ASV253  ( Lachnospiraceae )"
"ASV254",0,"Bacteria","Firmicutes","Clostridia","Lachnospirales","Lachnospiraceae",NA,304,"Naive Post","ASV254  ( Lachnospiraceae )"
"ASV26",0,"Bacteria","Firmicutes","Clostridia","Lachnospirales","Lachnospiraceae","Lachnoclostridium",304,"Stress Post","ASV26  ( Lachnospiraceae )"
"ASV260",0,"Bacteria","Firmicutes","Clostridia","Oscillospirales","Ruminococcaceae","[Eubacterium] siraeum group",304,"Stress Post","ASV260  ( Ruminococcaceae )"
"ASV27",0,"Bacteria","Bacteroidota","Bacteroidia","Bacteroidales","Rikenellaceae","Alistipes",304,"Stress Post","ASV27  ( Rikenellaceae )"
"ASV270",0,"Bacteria","Firmicutes","Clostridia","Lachnospirales","Lachnospiraceae",NA,304,"Stress Post","ASV270  ( Lachnospiraceae )"
"ASV272",0,"Bacteria","Firmicutes","Clostridia","Clostridia UCG-014",NA,NA,304,"Stress Post","ASV272  ( NA )"
"ASV274",0,"Bacteria","Firmicutes","Clostridia","Clostridia UCG-014",NA,NA,304,"Stress Post","ASV274  ( NA )"
"ASV277",0,"Bacteria","Firmicutes","Clostridia","Lachnospirales","Lachnospiraceae","Lachnoclostridium",304,"Stress Post","ASV277  ( Lachnospiraceae )"
"ASV278",0,"Bacteria","Firmicutes","Clostridia","Lachnospirales","Lachnospiraceae","Lachnoclostridium",304,"Naive Post","ASV278  ( Lachnospiraceae )"
"ASV280",0,"Bacteria","Firmicutes","Clostridia","Lachnospirales","Lachnospiraceae","A2",304,"Naive Post","ASV280  ( Lachnospiraceae )"
"ASV281",0,"Bacteria","Firmicutes","Clostridia","Oscillospirales","Oscillospiraceae","Intestinimonas",304,"Stress Post","ASV281  ( Oscillospiraceae )"
"ASV285",0,"Bacteria","Firmicutes","Clostridia","Lachnospirales","Lachnospiraceae","Lachnoclostridium",304,"Stress Post","ASV285  ( Lachnospiraceae )"
"ASV287",0,"Bacteria","Firmicutes","Clostridia","Lachnospirales","Lachnospiraceae",NA,304,"Stress Post","ASV287  ( Lachnospiraceae )"
"ASV289",0,"Bacteria","Firmicutes","Clostridia","Lachnospirales","Lachnospiraceae","Lachnoclostridium",304,"Naive Post","ASV289  ( Lachnospiraceae )"
"ASV3",0,"Bacteria","Bacteroidota","Bacteroidia","Bacteroidales","Muribaculaceae",NA,304,"Stress Post","ASV3  ( Muribaculaceae )"
"ASV302",0,"Bacteria","Firmicutes","Clostridia","Lachnospirales","Lachnospiraceae","Roseburia",304,"Stress Post","ASV302  ( Lachnospiraceae )"
"ASV307",0,"Bacteria","Firmicutes","Clostridia","Oscillospirales","Oscillospiraceae",NA,304,"Stress Post","ASV307  ( Oscillospiraceae )"
"ASV308",0,"Bacteria","Firmicutes","Clostridia","Lachnospirales","Lachnospiraceae","GCA-900066575",304,"Stress Post","ASV308  ( Lachnospiraceae )"
"ASV310",0,"Bacteria","Firmicutes","Clostridia","Lachnospirales","Lachnospiraceae",NA,304,"Stress Post","ASV310  ( Lachnospiraceae )"
"ASV315",0,"Bacteria","Firmicutes","Clostridia","Oscillospirales","Oscillospiraceae","Oscillibacter",304,"Stress Post","ASV315  ( Oscillospiraceae )"
"ASV319",0,"Bacteria","Firmicutes","Clostridia","Clostridia vadinBB60 group",NA,NA,304,"Naive Post","ASV319  ( NA )"
"ASV324",0,"Bacteria","Firmicutes","Bacilli","RF39",NA,NA,304,"Naive Post","ASV324  ( NA )"
"ASV325",0,"Bacteria","Firmicutes","Clostridia","Oscillospirales","Ruminococcaceae","Incertae Sedis",304,"Naive Post","ASV325  ( Ruminococcaceae )"
"ASV327",0,"Bacteria","Firmicutes","Clostridia","Clostridia vadinBB60 group",NA,NA,304,"Naive Post","ASV327  ( NA )"
"ASV333",0,"Bacteria","Firmicutes","Clostridia","Clostridia UCG-014",NA,NA,304,"Naive Post","ASV333  ( NA )"
"ASV340",0,"Bacteria","Firmicutes","Clostridia","Clostridia UCG-014",NA,NA,304,"Stress Post","ASV340  ( NA )"
"ASV341",0,"Bacteria","Firmicutes","Clostridia","Lachnospirales","Lachnospiraceae",NA,304,"Naive Post","ASV341  ( Lachnospiraceae )"
"ASV342",0,"Bacteria","Firmicutes","Clostridia","Lachnospirales","Lachnospiraceae","Lachnospiraceae UCG-006",304,"Stress Post","ASV342  ( Lachnospiraceae )"
"ASV344",0,"Bacteria","Firmicutes","Clostridia","Clostridia vadinBB60 group",NA,NA,304,"Stress Post","ASV344  ( NA )"
"ASV351",0,"Bacteria","Firmicutes","Clostridia","Lachnospirales","Lachnospiraceae","GCA-900066575",304,"Stress Post","ASV351  ( Lachnospiraceae )"
"ASV353",0,"Bacteria","Firmicutes","Clostridia","Lachnospirales","Lachnospiraceae",NA,304,"Stress Post","ASV353  ( Lachnospiraceae )"
"ASV354",0,"Bacteria","Firmicutes","Clostridia","Clostridia vadinBB60 group",NA,NA,304,"Stress Post","ASV354  ( NA )"
"ASV356",0,"Bacteria","Firmicutes","Clostridia","Clostridia UCG-014",NA,NA,304,"Stress Post","ASV356  ( NA )"
"ASV36",0,"Bacteria","Firmicutes","Bacilli","RF39",NA,NA,304,"Stress Post","ASV36  ( NA )"
"ASV362",0,"Bacteria","Actinobacteriota","Actinobacteria","Micrococcales","Microbacteriaceae","Frondihabitans",304,"Stress Post","ASV362  ( Microbacteriaceae )"
"ASV372",0,"Bacteria","Firmicutes","Clostridia","Oscillospirales","Oscillospiraceae",NA,304,"Stress Post","ASV372  ( Oscillospiraceae )"
"ASV376",0,"Bacteria","Firmicutes","Clostridia","Lachnospirales","Lachnospiraceae",NA,304,"Stress Post","ASV376  ( Lachnospiraceae )"
"ASV380",0,"Bacteria","Firmicutes","Bacilli","RF39",NA,NA,304,"Naive Post","ASV380  ( NA )"
"ASV381",0,"Bacteria","Firmicutes","Bacilli","Erysipelotrichales","Erysipelotrichaceae","Turicibacter",304,"Naive Post","ASV381  ( Erysipelotrichaceae )"
"ASV385",0,"Bacteria","Firmicutes","Clostridia","Oscillospirales","Oscillospiraceae","Oscillibacter",304,"Stress Post","ASV385  ( Oscillospiraceae )"
"ASV386",0,"Bacteria","Firmicutes","Bacilli","Thermoactinomycetales","Thermoactinomycetaceae","Thermoactinomyces",304,"Stress Post","ASV386  ( Thermoactinomycetaceae )"
"ASV394",0,"Bacteria","Bacteroidota","Bacteroidia","Bacteroidales","Bacteroidaceae","Bacteroides",304,"Stress Post","ASV394  ( Bacteroidaceae )"
"ASV395",0,"Bacteria","Firmicutes","Clostridia","Monoglobales","Monoglobaceae","Monoglobus",304,"Stress Post","ASV395  ( Monoglobaceae )"
"ASV408",0,"Bacteria","Firmicutes","Clostridia","Lachnospirales","Lachnospiraceae",NA,304,"Naive Post","ASV408  ( Lachnospiraceae )"
"ASV414",0,"Bacteria","Firmicutes","Clostridia","Lachnospirales","Lachnospiraceae","Roseburia",304,"Stress Post","ASV414  ( Lachnospiraceae )"
"ASV430",0,"Bacteria","Firmicutes","Clostridia","Lachnospirales","Lachnospiraceae","Lachnoclostridium",304,"Naive Post","ASV430  ( Lachnospiraceae )"
"ASV434",0,"Bacteria","Firmicutes","Bacilli","Erysipelotrichales","Erysipelotrichaceae",NA,304,"Stress Post","ASV434  ( Erysipelotrichaceae )"
"ASV437",0,"Bacteria","Firmicutes","Clostridia","Oscillospirales","Oscillospiraceae","Colidextribacter",304,"Stress Post","ASV437  ( Oscillospiraceae )"
"ASV438",0,"Bacteria","Firmicutes","Clostridia","Lachnospirales","Lachnospiraceae","Lachnospiraceae UCG-006",304,"Stress Post","ASV438  ( Lachnospiraceae )"
"ASV44",0,"Bacteria","Firmicutes","Clostridia","Lachnospirales","Lachnospiraceae","Lachnospiraceae UCG-001",304,"Stress Post","ASV44  ( Lachnospiraceae )"
"ASV440",0,"Bacteria","Firmicutes","Bacilli","RF39",NA,NA,304,"Stress Post","ASV440  ( NA )"
"ASV449",0,"Bacteria","Firmicutes","Clostridia","Lachnospirales","Lachnospiraceae","Lachnoclostridium",304,"Naive Post","ASV449  ( Lachnospiraceae )"
"ASV451",0,"Bacteria","Firmicutes","Bacilli","Bacillales","Bacillaceae","Bacillus",304,"Stress Post","ASV451  ( Bacillaceae )"
"ASV456",0,"Bacteria","Firmicutes","Clostridia","Lachnospirales","Lachnospiraceae","Lachnospiraceae NK4A136 group",304,"Naive Post","ASV456  ( Lachnospiraceae )"
"ASV459",0,"Bacteria","Firmicutes","Clostridia","Clostridia UCG-014",NA,NA,304,"Stress Post","ASV459  ( NA )"
"ASV464",0,"Bacteria","Actinobacteriota","Coriobacteriia","Coriobacteriales","Eggerthellaceae","Enterorhabdus",304,"Stress Post","ASV464  ( Eggerthellaceae )"
"ASV466",0,"Bacteria","Firmicutes","Clostridia","Lachnospirales","Lachnospiraceae","Marvinbryantia",304,"Stress Post","ASV466  ( Lachnospiraceae )"
"ASV47",0,"Bacteria","Firmicutes","Clostridia","Lachnospirales","Lachnospiraceae","Lachnospiraceae NK4A136 group",304,"Stress Post","ASV47  ( Lachnospiraceae )"
"ASV472",0,"Bacteria","Firmicutes","Clostridia","Lachnospirales","Lachnospiraceae","A2",304,"Naive Post","ASV472  ( Lachnospiraceae )"
"ASV475",0,"Bacteria","Firmicutes","Clostridia","Lachnospirales","Lachnospiraceae","GCA-900066575",304,"Naive Post","ASV475  ( Lachnospiraceae )"
"ASV479",0,"Bacteria","Firmicutes","Clostridia","Peptococcales","Peptococcaceae",NA,304,"Naive Post","ASV479  ( Peptococcaceae )"
"ASV485",0,"Bacteria","Firmicutes","Clostridia","Oscillospirales","Ruminococcaceae","Anaerotruncus",304,"Stress Post","ASV485  ( Ruminococcaceae )"
"ASV490",0,"Bacteria","Firmicutes","Clostridia","Clostridia UCG-014",NA,NA,304,"Stress Post","ASV490  ( NA )"
"ASV494",0,"Bacteria","Firmicutes","Clostridia","Lachnospirales","Lachnospiraceae","Lachnospiraceae NK4A136 group",304,"Naive Post","ASV494  ( Lachnospiraceae )"
"ASV497",0,"Bacteria","Firmicutes","Clostridia","Peptostreptococcales-Tissierellales","Anaerovoracaceae","[Eubacterium] brachy group",304,"Stress Post","ASV497  ( Anaerovoracaceae )"
"ASV499",0,"Bacteria","Firmicutes","Clostridia","Lachnospirales","Lachnospiraceae","Lachnoclostridium",304,"Stress Post","ASV499  ( Lachnospiraceae )"
"ASV501",0,"Bacteria","Firmicutes","Clostridia","Oscillospirales","Oscillospiraceae","Colidextribacter",304,"Stress Post","ASV501  ( Oscillospiraceae )"
"ASV504",0,"Bacteria","Actinobacteriota","Actinobacteria","Corynebacteriales","Corynebacteriaceae","Corynebacterium",304,"Stress Post","ASV504  ( Corynebacteriaceae )"
"ASV505",0,"Bacteria","Firmicutes","Clostridia","Oscillospirales","Ruminococcaceae","Ruminococcus",304,"Stress Post","ASV505  ( Ruminococcaceae )"
"ASV506",0,"Bacteria","Firmicutes","Clostridia","Clostridia UCG-014",NA,NA,304,"Stress Post","ASV506  ( NA )"
"ASV51",0,"Bacteria","Firmicutes","Clostridia","Lachnospirales","Lachnospiraceae","Lachnospiraceae NK4A136 group",304,"Stress Post","ASV51  ( Lachnospiraceae )"
"ASV514",0,"Bacteria","Proteobacteria","Alphaproteobacteria","Rhizobiales","Xanthobacteraceae","Bradyrhizobium",304,"Stress Post","ASV514  ( Xanthobacteraceae )"
"ASV516",0,"Bacteria","Firmicutes","Bacilli","RF39",NA,NA,304,"Naive Post","ASV516  ( NA )"
"ASV524",0,"Bacteria","Firmicutes","Clostridia","Lachnospirales","Lachnospiraceae",NA,304,"Naive Post","ASV524  ( Lachnospiraceae )"
"ASV526",0,"Bacteria","Firmicutes","Clostridia","Oscillospirales","Ruminococcaceae",NA,304,"Stress Post","ASV526  ( Ruminococcaceae )"
"ASV527",0,"Bacteria","Firmicutes","Clostridia","Oscillospirales","Oscillospiraceae","Oscillibacter",304,"Stress Post","ASV527  ( Oscillospiraceae )"
"ASV534",0,"Bacteria","Firmicutes","Clostridia","Lachnospirales","Lachnospiraceae",NA,304,"Stress Post","ASV534  ( Lachnospiraceae )"
"ASV538",0,"Bacteria","Firmicutes","Bacilli","RF39",NA,NA,304,"Naive Post","ASV538  ( NA )"
"ASV546",0,"Bacteria","Firmicutes","Clostridia","Lachnospirales","Lachnospiraceae","Tuzzerella",304,"Naive Post","ASV546  ( Lachnospiraceae )"
"ASV555",0,"Bacteria","Firmicutes","Clostridia","Clostridia UCG-014",NA,NA,304,"Stress Post","ASV555  ( NA )"
"ASV560",0,"Bacteria","Firmicutes","Bacilli","RF39",NA,NA,304,"Naive Post","ASV560  ( NA )"
"ASV566",0,"Bacteria","Firmicutes","Clostridia","Oscillospirales","Butyricicoccaceae","Butyricicoccus",304,"Naive Post","ASV566  ( Butyricicoccaceae )"
"ASV570",0,"Bacteria","Firmicutes","Clostridia","Lachnospirales","Lachnospiraceae","GCA-900066575",304,"Stress Post","ASV570  ( Lachnospiraceae )"
"ASV572",0,"Bacteria","Actinobacteriota","Actinobacteria","Micrococcales","Dermabacteraceae","Brachybacterium",304,"Stress Post","ASV572  ( Dermabacteraceae )"
"ASV573",0,"Bacteria","Firmicutes","Clostridia","Lachnospirales","Lachnospiraceae","Lachnoclostridium",304,"Naive Post","ASV573  ( Lachnospiraceae )"
"ASV574",0,"Bacteria","Firmicutes","Clostridia","Clostridia UCG-014",NA,NA,304,"Naive Post","ASV574  ( NA )"
"ASV578",0,"Bacteria","Firmicutes","Clostridia","Clostridia vadinBB60 group",NA,NA,304,"Stress Post","ASV578  ( NA )"
"ASV579",0,"Bacteria","Firmicutes","Bacilli","RF39",NA,NA,304,"Stress Post","ASV579  ( NA )"
"ASV580",0,"Bacteria","Firmicutes","Clostridia","Lachnospirales","Lachnospiraceae","GCA-900066575",304,"Stress Post","ASV580  ( Lachnospiraceae )"
"ASV600",0,"Bacteria","Actinobacteriota","Actinobacteria","Micrococcales","Micrococcaceae","Pseudarthrobacter",304,"Stress Post","ASV600  ( Micrococcaceae )"
"ASV612",0,"Bacteria","Firmicutes","Clostridia","Lachnospirales","Lachnospiraceae","Lachnoclostridium",304,"Stress Post","ASV612  ( Lachnospiraceae )"
"ASV613",0,"Bacteria","Firmicutes","Bacilli","Bacillales","Bacillaceae",NA,304,"Stress Post","ASV613  ( Bacillaceae )"
"ASV622",0,"Bacteria","Firmicutes","Bacilli","RF39",NA,NA,304,"Naive Post","ASV622  ( NA )"
"ASV623",0,"Bacteria","Firmicutes","Clostridia","Lachnospirales","Lachnospiraceae","Lachnospiraceae NK4A136 group",304,"Naive Post","ASV623  ( Lachnospiraceae )"
"ASV629",0,"Bacteria","Firmicutes","Clostridia","Lachnospirales","Lachnospiraceae",NA,304,"Naive Post","ASV629  ( Lachnospiraceae )"
"ASV633",0,"Bacteria","Actinobacteriota","Actinobacteria","Corynebacteriales","Corynebacteriaceae","Corynebacterium",304,"Stress Post","ASV633  ( Corynebacteriaceae )"
"ASV637",0,"Bacteria","Firmicutes","Clostridia","Lachnospirales","Lachnospiraceae","Lachnospiraceae UCG-004",304,"Naive Post","ASV637  ( Lachnospiraceae )"
"ASV638",0,"Bacteria","Firmicutes","Clostridia","Peptostreptococcales-Tissierellales","Anaerovoracaceae","[Eubacterium] brachy group",304,"Stress Post","ASV638  ( Anaerovoracaceae )"
"ASV644",0,"Bacteria","Firmicutes","Clostridia","Lachnospirales","Lachnospiraceae",NA,304,"Naive Post","ASV644  ( Lachnospiraceae )"
"ASV649",0,"Bacteria","Firmicutes","Clostridia","Clostridia vadinBB60 group",NA,NA,304,"Stress Post","ASV649  ( NA )"
"ASV676",0,"Bacteria","Firmicutes","Clostridia","Lachnospirales","Lachnospiraceae","Lachnospiraceae UCG-004",304,"Stress Post","ASV676  ( Lachnospiraceae )"
"ASV68",0,"Bacteria","Firmicutes","Clostridia","Lachnospirales","Lachnospiraceae",NA,304,"Stress Post","ASV68  ( Lachnospiraceae )"
"ASV682",0,"Bacteria","Firmicutes","Bacilli","Erysipelotrichales","Erysipelatoclostridiaceae","Erysipelatoclostridium",304,"Naive Post","ASV682  ( Erysipelatoclostridiaceae )"
"ASV687",0,"Bacteria","Actinobacteriota","Coriobacteriia","Coriobacteriales","Coriobacteriales Incertae Sedis",NA,304,"Naive Post","ASV687  ( Coriobacteriales Incertae Sedis )"
"ASV709",0,"Bacteria","Firmicutes","Clostridia","Lachnospirales","Lachnospiraceae","[Eubacterium] oxidoreducens group",304,"Stress Post","ASV709  ( Lachnospiraceae )"
"ASV713",0,"Bacteria","Firmicutes","Clostridia","Lachnospirales","Lachnospiraceae","[Eubacterium] xylanophilum group",304,"Naive Post","ASV713  ( Lachnospiraceae )"
"ASV74",0,"Bacteria","Firmicutes","Clostridia","Oscillospirales","Oscillospiraceae",NA,304,"Stress Post","ASV74  ( Oscillospiraceae )"
"ASV745",0,"Bacteria","Firmicutes","Bacilli","RF39",NA,NA,304,"Naive Post","ASV745  ( NA )"
"ASV804",0,"Bacteria","Proteobacteria","Gammaproteobacteria","Enterobacterales","Enterobacteriaceae",NA,304,"Naive Post","ASV804  ( Enterobacteriaceae )"
"ASV809",0,"Bacteria","Proteobacteria","Gammaproteobacteria","Enterobacterales","Enterobacteriaceae","Escherichia-Shigella",304,"Naive Post","ASV809  ( Enterobacteriaceae )"
"ASV835",0,"Bacteria","Firmicutes","Clostridia","Clostridia vadinBB60 group",NA,NA,304,"Stress Post","ASV835  ( NA )"
"ASV841",0,"Bacteria","Firmicutes","Clostridia","Oscillospirales","Oscillospiraceae","Colidextribacter",304,"Stress Post","ASV841  ( Oscillospiraceae )"
"ASV867",0,"Bacteria","Firmicutes","Clostridia","Clostridiales","Clostridiaceae","Clostridium sensu stricto 1",304,"Stress Post","ASV867  ( Clostridiaceae )"
"ASV90",0,"Bacteria","Firmicutes","Clostridia","Lachnospirales","Lachnospiraceae","Lachnospiraceae NK4A136 group",304,"Stress Post","ASV90  ( Lachnospiraceae )"
"ASV961",0,"Bacteria","Firmicutes","Bacilli","Erysipelotrichales","Erysipelatoclostridiaceae",NA,304,"Stress Post","ASV961  ( Erysipelatoclostridiaceae )"
"ASV97",0,"Bacteria","Firmicutes","Clostridia","Lachnospirales","Lachnospiraceae","Lachnospiraceae UCG-001",304,"Stress Post","ASV97  ( Lachnospiraceae )"
