"OTU","Pre.vs.Post.Mean.Decrease.Gini","Kingdom","Phylum","Class","Order","Family","Genus","Pre.Post.RF.Rank","Enrichment.Pre.Post","ASV.Family"
"ASV98",0.208342063492064,"Bacteria","Firmicutes","Clostridia","Lachnospirales","Lachnospiraceae","Lachnoclostridium",1,"Stress Post","ASV98  ( Lachnospiraceae )"
"ASV398",0.183166666666667,"Bacteria","Firmicutes","Clostridia","Clostridia vadinBB60 group",NA,NA,2,"Stress Post","ASV398  ( NA )"
"ASV277",0.158694444444444,"Bacteria","Firmicutes","Clostridia","Lachnospirales","Lachnospiraceae","Lachnoclostridium",3,"Stress Post","ASV277  ( Lachnospiraceae )"
"ASV113",0.157873015873016,"Bacteria","Firmicutes","Clostridia","Lachnospirales","Lachnospiraceae","Lachnospiraceae NK4A136 group",4,"Stress Post","ASV113  ( Lachnospiraceae )"
"ASV104",0.131328571428571,"Bacteria","Firmicutes","Clostridia","Lachnospirales","Lachnospiraceae",NA,5,"Stress Post","ASV104  ( Lachnospiraceae )"
"ASV129",0.12534126984127,"Bacteria","Firmicutes","Clostridia","Lachnospirales","Lachnospiraceae","Lachnoclostridium",6,"Stress Pre","ASV129  ( Lachnospiraceae )"
"ASV203",0.121472222222222,"Bacteria","Firmicutes","Clostridia","Lachnospirales","Lachnospiraceae",NA,7,"Stress Post","ASV203  ( Lachnospiraceae )"
"ASV145",0.1155,"Bacteria","Firmicutes","Clostridia","Oscillospirales","Oscillospiraceae","Oscillibacter",8,"Stress Post","ASV145  ( Oscillospiraceae )"
"ASV457",0.108166666666667,"Bacteria","Firmicutes","Clostridia","Clostridia vadinBB60 group",NA,NA,9,"Stress Post","ASV457  ( NA )"
"ASV30",0.103416666666667,"Bacteria","Firmicutes","Clostridia","Lachnospirales","Lachnospiraceae","Lachnospiraceae NK4A136 group",10,"Stress Post","ASV30  ( Lachnospiraceae )"
"ASV231",0.102147619047619,"Bacteria","Firmicutes","Clostridia","Lachnospirales","Lachnospiraceae","Lachnospiraceae NK4A136 group",11,"Stress Pre","ASV231  ( Lachnospiraceae )"
"ASV59",0.0970238095238095,"Bacteria","Firmicutes","Clostridia","Oscillospirales","[Eubacterium] coprostanoligenes group",NA,12,"Stress Post","ASV59  ( [Eubacterium] coprostanoligenes group )"
"ASV16",0.0965079365079365,"Bacteria","Verrucomicrobiota","Verrucomicrobiae","Verrucomicrobiales","Akkermansiaceae","Akkermansia",13,"Stress Pre","ASV16  ( Akkermansiaceae )"
"ASV110",0.0948690476190476,"Bacteria","Firmicutes","Clostridia","Lachnospirales","Lachnospiraceae","Lachnospiraceae NK4A136 group",14,"Stress Post","ASV110  ( Lachnospiraceae )"
"ASV50",0.0906388888888889,"Bacteria","Firmicutes","Clostridia","Clostridiales","Clostridiaceae","Clostridium sensu stricto 1",15,"Stress Pre","ASV50  ( Clostridiaceae )"
"ASV81",0.08615,"Bacteria","Firmicutes","Clostridia","Lachnospirales","Lachnospiraceae","Lachnospiraceae UCG-001",16,"Stress Post","ASV81  ( Lachnospiraceae )"
"ASV19",0.0835991341991342,"Bacteria","Firmicutes","Clostridia","Oscillospirales","Oscillospiraceae","Oscillibacter",17,"Stress Post","ASV19  ( Oscillospiraceae )"
"ASV370",0.0810380952380952,"Bacteria","Firmicutes","Clostridia","Clostridia UCG-014",NA,NA,18,"Stress Post","ASV370  ( NA )"
"ASV91",0.0731222222222222,"Bacteria","Firmicutes","Clostridia","Lachnospirales","Lachnospiraceae",NA,19,"Stress Post","ASV91  ( Lachnospiraceae )"
"ASV383",0.0704523809523809,"Bacteria","Firmicutes","Clostridia","Lachnospirales","Lachnospiraceae","Lachnoclostridium",20,"Stress Post","ASV383  ( Lachnospiraceae )"
"ASV106",0.0699857142857143,"Bacteria","Firmicutes","Clostridia","Oscillospirales","Ruminococcaceae","Incertae Sedis",21,"Stress Post","ASV106  ( Ruminococcaceae )"
"ASV159",0.0688547619047619,"Bacteria","Firmicutes","Clostridia","Lachnospirales","Lachnospiraceae","Lachnospiraceae UCG-001",22,"Stress Post","ASV159  ( Lachnospiraceae )"
"ASV520",0.0651190476190476,"Bacteria","Firmicutes","Clostridia","Clostridia vadinBB60 group",NA,NA,23,"Stress Post","ASV520  ( NA )"
"ASV226",0.0642,"Bacteria","Firmicutes","Clostridia","Oscillospirales","Oscillospiraceae","UCG-005",24,"Stress Pre","ASV226  ( Oscillospiraceae )"
"ASV82",0.0635190476190476,"Bacteria","Firmicutes","Clostridia","Lachnospirales","Lachnospiraceae","Lachnospiraceae NK4A136 group",25,"Stress Post","ASV82  ( Lachnospiraceae )"
"ASV183",0.0630166666666667,"Bacteria","Firmicutes","Clostridia","Oscillospirales","Oscillospiraceae","Colidextribacter",26,"Stress Pre","ASV183  ( Oscillospiraceae )"
"ASV4",0.0624365079365079,"Bacteria","Bacteroidota","Bacteroidia","Bacteroidales","Muribaculaceae",NA,27,"Stress Pre","ASV4  ( Muribaculaceae )"
"ASV1",0.0599,"Bacteria","Firmicutes","Bacilli","Lactobacillales","Lactobacillaceae","Lactobacillus",28,"Stress Pre","ASV1  ( Lactobacillaceae )"
"ASV154",0.0587666666666667,"Bacteria","Proteobacteria","Gammaproteobacteria","Burkholderiales","Sutterellaceae","Parasutterella",29,"Stress Pre","ASV154  ( Sutterellaceae )"
"ASV295",0.0577222222222222,"Bacteria","Firmicutes","Clostridia","Oscillospirales","Oscillospiraceae","Oscillibacter",30,"Stress Post","ASV295  ( Oscillospiraceae )"
"ASV61",0.0571690476190476,"Bacteria","Firmicutes","Clostridia","Lachnospirales","Lachnospiraceae","Lachnospiraceae NK4A136 group",31,"Stress Post","ASV61  ( Lachnospiraceae )"
"ASV132",0.0571666666666667,"Bacteria","Firmicutes","Clostridia","Lachnospirales","Lachnospiraceae","Lachnoclostridium",32,"Stress Post","ASV132  ( Lachnospiraceae )"
"ASV34",0.0543761904761905,"Bacteria","Firmicutes","Clostridia","Lachnospirales","Lachnospiraceae","Lachnospiraceae NK4A136 group",33,"Stress Post","ASV34  ( Lachnospiraceae )"
"ASV73",0.0541198412698413,"Bacteria","Firmicutes","Clostridia","Lachnospirales","Lachnospiraceae",NA,34,"Stress Post","ASV73  ( Lachnospiraceae )"
"ASV368",0.0535222222222222,"Bacteria","Firmicutes","Clostridia","Oscillospirales","Ruminococcaceae",NA,35,"Stress Post","ASV368  ( Ruminococcaceae )"
"ASV135",0.0520952380952381,"Bacteria","Firmicutes","Clostridia","Lachnospirales","Lachnospiraceae","ASF356",36,"Stress Post","ASV135  ( Lachnospiraceae )"
"ASV204",0.0486904761904762,"Bacteria","Firmicutes","Clostridia","Lachnospirales","Lachnospiraceae","Lachnospiraceae FCS020 group",37,"Stress Pre","ASV204  ( Lachnospiraceae )"
"ASV96",0.0477333333333333,"Bacteria","Firmicutes","Clostridia","Lachnospirales","Lachnospiraceae",NA,38,"Stress Post","ASV96  ( Lachnospiraceae )"
"ASV265",0.0448333333333333,"Bacteria","Firmicutes","Clostridia","Oscillospirales","Oscillospiraceae","Intestinimonas",39,"Stress Post","ASV265  ( Oscillospiraceae )"
"ASV230",0.0407857142857143,"Bacteria","Firmicutes","Clostridia","Lachnospirales","Lachnospiraceae",NA,40,"Stress Pre","ASV230  ( Lachnospiraceae )"
"ASV205",0.0406190476190476,"Bacteria","Firmicutes","Clostridia","Monoglobales","Monoglobaceae","Monoglobus",41,"Stress Pre","ASV205  ( Monoglobaceae )"
"ASV687",0.0405,"Bacteria","Actinobacteriota","Coriobacteriia","Coriobacteriales","Coriobacteriales Incertae Sedis",NA,42,"Stress Pre","ASV687  ( Coriobacteriales Incertae Sedis )"
"ASV124",0.0404047619047619,"Bacteria","Firmicutes","Clostridia","Lachnospirales","Lachnospiraceae","Lachnospiraceae NK4A136 group",43,"Stress Pre","ASV124  ( Lachnospiraceae )"
"ASV256",0.0397214285714286,"Bacteria","Firmicutes","Clostridia","Lachnospirales","Lachnospiraceae","Lachnospiraceae NK4B4 group",44,"Stress Post","ASV256  ( Lachnospiraceae )"
"ASV147",0.0395119047619048,"Bacteria","Firmicutes","Clostridia","Lachnospirales","Lachnospiraceae",NA,45,"Stress Post","ASV147  ( Lachnospiraceae )"
"ASV337",0.039,"Bacteria","Firmicutes","Clostridia","Oscillospirales","Oscillospiraceae",NA,46,"Stress Post","ASV337  ( Oscillospiraceae )"
"ASV137",0.036,"Bacteria","Firmicutes","Clostridia","Oscillospirales","Oscillospiraceae",NA,47,"Stress Post","ASV137  ( Oscillospiraceae )"
"ASV23",0.035947619047619,"Bacteria","Firmicutes","Clostridia","Oscillospirales","Ruminococcaceae","Ruminococcus",48,"Stress Pre","ASV23  ( Ruminococcaceae )"
"ASV40",0.0359318181818182,"Bacteria","Firmicutes","Clostridia","Oscillospirales","Ruminococcaceae","Incertae Sedis",49,"Stress Pre","ASV40  ( Ruminococcaceae )"
"ASV252",0.035802380952381,"Bacteria","Firmicutes","Clostridia","Clostridia UCG-014",NA,NA,50,"Stress Pre","ASV252  ( NA )"
"ASV328",0.0354444444444444,"Bacteria","Firmicutes","Clostridia","Clostridia vadinBB60 group",NA,NA,51,"Stress Post","ASV328  ( NA )"
"ASV237",0.0344848484848485,"Bacteria","Firmicutes","Bacilli","RF39",NA,NA,52,"Stress Post","ASV237  ( NA )"
"ASV90",0.0341190476190476,"Bacteria","Firmicutes","Clostridia","Lachnospirales","Lachnospiraceae","Lachnospiraceae NK4A136 group",53,"Stress Post","ASV90  ( Lachnospiraceae )"
"ASV75",0.0331666666666667,"Bacteria","Firmicutes","Clostridia","Lachnospirales","Lachnospiraceae","Lachnospiraceae NK4A136 group",54,"Stress Post","ASV75  ( Lachnospiraceae )"
"ASV111",0.0325119047619048,"Bacteria","Firmicutes","Clostridia","Lachnospirales","Lachnospiraceae","Lachnospiraceae NK4A136 group",55,"Stress Post","ASV111  ( Lachnospiraceae )"
"ASV60",0.0318333333333333,"Bacteria","Firmicutes","Clostridia","Lachnospirales","Lachnospiraceae",NA,56,"Stress Pre","ASV60  ( Lachnospiraceae )"
"ASV313",0.0315,"Bacteria","Firmicutes","Clostridia","Oscillospirales","Oscillospiraceae","Oscillibacter",57,"Stress Post","ASV313  ( Oscillospiraceae )"
"ASV107",0.0304285714285714,"Bacteria","Firmicutes","Clostridia","Lachnospirales","Lachnospiraceae","GCA-900066575",58,"Stress Pre","ASV107  ( Lachnospiraceae )"
"ASV121",0.030347619047619,"Bacteria","Firmicutes","Clostridia","Lachnospirales","Lachnospiraceae",NA,59,"Stress Pre","ASV121  ( Lachnospiraceae )"
"ASV310",0.0293650793650794,"Bacteria","Firmicutes","Clostridia","Lachnospirales","Lachnospiraceae",NA,60,"Stress Post","ASV310  ( Lachnospiraceae )"
"ASV146",0.0286357142857143,"Bacteria","Firmicutes","Clostridia","Lachnospirales","Lachnospiraceae","Lachnoclostridium",61,"Stress Post","ASV146  ( Lachnospiraceae )"
"ASV434",0.0278166666666667,"Bacteria","Firmicutes","Bacilli","Erysipelotrichales","Erysipelotrichaceae",NA,62,"Stress Post","ASV434  ( Erysipelotrichaceae )"
"ASV180",0.0268333333333333,"Bacteria","Firmicutes","Clostridia","Oscillospirales","Ruminococcaceae",NA,63,"Stress Post","ASV180  ( Ruminococcaceae )"
"ASV162",0.0261936507936508,"Bacteria","Firmicutes","Clostridia","Lachnospirales","Lachnospiraceae","ASF356",64,"Stress Post","ASV162  ( Lachnospiraceae )"
"ASV234",0.0256380952380952,"Bacteria","Firmicutes","Bacilli","RF39",NA,NA,65,"Stress Post","ASV234  ( NA )"
"ASV47",0.0246246031746032,"Bacteria","Firmicutes","Clostridia","Lachnospirales","Lachnospiraceae","Lachnospiraceae NK4A136 group",66,"Stress Post","ASV47  ( Lachnospiraceae )"
"ASV250",0.0235277777777778,"Bacteria","Firmicutes","Clostridia","Lachnospirales","Lachnospiraceae",NA,67,"Stress Post","ASV250  ( Lachnospiraceae )"
"ASV375",0.0231190476190476,"Bacteria","Firmicutes","Clostridia","Oscillospirales","Oscillospiraceae","Colidextribacter",68,"Stress Post","ASV375  ( Oscillospiraceae )"
"ASV79",0.0227857142857143,"Bacteria","Firmicutes","Clostridia","Lachnospirales","Lachnospiraceae",NA,69,"Stress Post","ASV79  ( Lachnospiraceae )"
"ASV13",0.0221301587301587,"Bacteria","Firmicutes","Clostridia","Lachnospirales","Lachnospiraceae","Lachnospiraceae NK4A136 group",70,"Stress Pre","ASV13  ( Lachnospiraceae )"
"ASV122",0.0209833333333333,"Bacteria","Firmicutes","Clostridia","Peptostreptococcales-Tissierellales","Peptostreptococcaceae","Romboutsia",71,"Stress Pre","ASV122  ( Peptostreptococcaceae )"
"ASV189",0.0209333333333333,"Bacteria","Firmicutes","Clostridia","Oscillospirales","Butyricicoccaceae","Butyricicoccus",72,"Stress Post","ASV189  ( Butyricicoccaceae )"
"ASV350",0.0209285714285714,"Bacteria","Firmicutes","Clostridia","Clostridia vadinBB60 group",NA,NA,73,"Stress Pre","ASV350  ( NA )"
"ASV182",0.0207944444444444,"Bacteria","Firmicutes","Clostridia","Lachnospirales","Lachnospiraceae",NA,74,"Stress Pre","ASV182  ( Lachnospiraceae )"
"ASV262",0.0202142857142857,"Bacteria","Firmicutes","Clostridia","Lachnospirales","Lachnospiraceae",NA,75,"Stress Post","ASV262  ( Lachnospiraceae )"
"ASV415",0.0192190476190476,"Bacteria","Firmicutes","Clostridia","Oscillospirales","Oscillospiraceae","Colidextribacter",76,"Stress Pre","ASV415  ( Oscillospiraceae )"
"ASV5",0.019,"Bacteria","Firmicutes","Bacilli","Erysipelotrichales","Erysipelotrichaceae","Turicibacter",77,"Stress Pre","ASV5  ( Erysipelotrichaceae )"
"ASV462",0.0189,"Bacteria","Firmicutes","Clostridia","Lachnospirales","Lachnospiraceae",NA,78,"Stress Post","ASV462  ( Lachnospiraceae )"
"ASV26",0.017497619047619,"Bacteria","Firmicutes","Clostridia","Lachnospirales","Lachnospiraceae","Lachnoclostridium",79,"Stress Post","ASV26  ( Lachnospiraceae )"
"ASV199",0.0172809523809524,"Bacteria","Firmicutes","Clostridia","Clostridia UCG-014",NA,NA,80,"Stress Post","ASV199  ( NA )"
"ASV489",0.0168888888888889,"Bacteria","Firmicutes","Clostridia","Oscillospirales","Oscillospiraceae","UCG-005",81,"Stress Pre","ASV489  ( Oscillospiraceae )"
"ASV323",0.0162285714285714,"Bacteria","Firmicutes","Clostridia","Lachnospirales","Lachnospiraceae",NA,82,"Stress Pre","ASV323  ( Lachnospiraceae )"
"ASV307",0.0158333333333333,"Bacteria","Firmicutes","Clostridia","Oscillospirales","Oscillospiraceae",NA,83,"Stress Post","ASV307  ( Oscillospiraceae )"
"ASV353",0.0157333333333333,"Bacteria","Firmicutes","Clostridia","Lachnospirales","Lachnospiraceae",NA,84,"Stress Post","ASV353  ( Lachnospiraceae )"
"ASV191",0.0153888888888889,"Bacteria","Firmicutes","Clostridia","Lachnospirales","Lachnospiraceae","Lachnoclostridium",85,"Stress Post","ASV191  ( Lachnospiraceae )"
"ASV136",0.0153333333333333,"Bacteria","Firmicutes","Clostridia","Lachnospirales","Lachnospiraceae",NA,86,"Stress Post","ASV136  ( Lachnospiraceae )"
"ASV197",0.0150952380952381,"Bacteria","Firmicutes","Clostridia","Oscillospirales","Ruminococcaceae","Incertae Sedis",87,"Stress Post","ASV197  ( Ruminococcaceae )"
"ASV71",0.0146190476190476,"Bacteria","Firmicutes","Clostridia","Oscillospirales","Oscillospiraceae","Oscillibacter",88,"Stress Post","ASV71  ( Oscillospiraceae )"
"ASV114",0.0140690476190476,"Bacteria","Firmicutes","Clostridia","Lachnospirales","Lachnospiraceae","A2",89,"Stress Pre","ASV114  ( Lachnospiraceae )"
"ASV358",0.014,"Bacteria","Firmicutes","Clostridia","Lachnospirales","Lachnospiraceae","Lachnoclostridium",90,"Stress Post","ASV358  ( Lachnospiraceae )"
"ASV181",0.0138333333333333,"Bacteria","Firmicutes","Clostridia","Oscillospirales","Oscillospiraceae","Intestinimonas",91.5,"Stress Pre","ASV181  ( Oscillospiraceae )"
"ASV86",0.0138333333333333,"Bacteria","Firmicutes","Clostridia","Peptostreptococcales-Tissierellales","Peptostreptococcaceae","Romboutsia",91.5,"Stress Pre","ASV86  ( Peptostreptococcaceae )"
"ASV438",0.0136666666666667,"Bacteria","Firmicutes","Clostridia","Lachnospirales","Lachnospiraceae","Lachnospiraceae UCG-006",93,"Stress Pre","ASV438  ( Lachnospiraceae )"
"ASV474",0.0134166666666667,"Bacteria","Firmicutes","Clostridia","Clostridia vadinBB60 group",NA,NA,94,"Stress Post","ASV474  ( NA )"
"ASV377",0.0133333333333333,"Bacteria","Firmicutes","Clostridia","Lachnospirales","Lachnospiraceae",NA,95,"Stress Post","ASV377  ( Lachnospiraceae )"
"ASV349",0.0133142857142857,"Bacteria","Firmicutes","Clostridia","Oscillospirales","Ruminococcaceae",NA,96,"Stress Pre","ASV349  ( Ruminococcaceae )"
"ASV562",0.013,"Bacteria","Firmicutes","Bacilli","RF39",NA,NA,97,"Stress Pre","ASV562  ( NA )"
"ASV229",0.0129857142857143,"Bacteria","Firmicutes","Clostridia","Lachnospirales","Lachnospiraceae",NA,98,"Stress Post","ASV229  ( Lachnospiraceae )"
"ASV198",0.01295,"Bacteria","Firmicutes","Clostridia","Lachnospirales","Lachnospiraceae",NA,99,"Stress Pre","ASV198  ( Lachnospiraceae )"
"ASV171",0.012047619047619,"Bacteria","Firmicutes","Clostridia","Lachnospirales","Lachnospiraceae",NA,100,"Stress Pre","ASV171  ( Lachnospiraceae )"
"ASV161",0.0116357142857143,"Bacteria","Firmicutes","Clostridia","Lachnospirales","Lachnospiraceae",NA,101,"Stress Pre","ASV161  ( Lachnospiraceae )"
"ASV236",0.0113333333333333,"Bacteria","Firmicutes","Clostridia","Peptostreptococcales-Tissierellales","Anaerovoracaceae","[Eubacterium] brachy group",102.5,"Stress Post","ASV236  ( Anaerovoracaceae )"
"ASV304",0.0113333333333333,"Bacteria","Firmicutes","Bacilli","RF39",NA,NA,102.5,"Stress Pre","ASV304  ( NA )"
"ASV448",0.0112857142857143,"Bacteria","Firmicutes","Clostridia","Oscillospirales","Oscillospiraceae","Intestinimonas",104,"Stress Pre","ASV448  ( Oscillospiraceae )"
"ASV68",0.0106666666666667,"Bacteria","Firmicutes","Clostridia","Lachnospirales","Lachnospiraceae",NA,105,"Stress Post","ASV68  ( Lachnospiraceae )"
"ASV148",0.0105,"Bacteria","Firmicutes","Clostridia","Peptococcales","Peptococcaceae",NA,106,"Stress Pre","ASV148  ( Peptococcaceae )"
"ASV280",0.0102857142857143,"Bacteria","Firmicutes","Clostridia","Lachnospirales","Lachnospiraceae","A2",107,"Stress Post","ASV280  ( Lachnospiraceae )"
"ASV63",0.0101190476190476,"Bacteria","Firmicutes","Clostridia","Lachnospirales","Lachnospiraceae","Lachnospiraceae NK4A136 group",108.5,"Stress Post","ASV63  ( Lachnospiraceae )"
"ASV80",0.0101190476190476,"Bacteria","Firmicutes","Clostridia","Lachnospirales","Lachnospiraceae","Lachnospiraceae FCS020 group",108.5,"Stress Post","ASV80  ( Lachnospiraceae )"
"ASV202",0.01,"Bacteria","Firmicutes","Clostridia","Clostridia vadinBB60 group",NA,NA,110,"Stress Post","ASV202  ( NA )"
"ASV292",0.0095,"Bacteria","Firmicutes","Clostridia","Clostridia vadinBB60 group",NA,NA,112,"Stress Post","ASV292  ( NA )"
"ASV33",0.0095,"Bacteria","Firmicutes","Clostridia","Lachnospirales","Lachnospiraceae","Lachnospiraceae NK4A136 group",112,"Stress Post","ASV33  ( Lachnospiraceae )"
"ASV411",0.0095,"Bacteria","Firmicutes","Clostridia","Oscillospirales","Oscillospiraceae","Intestinimonas",112,"Stress Pre","ASV411  ( Oscillospiraceae )"
"ASV341",0.00938888888888889,"Bacteria","Firmicutes","Clostridia","Lachnospirales","Lachnospiraceae",NA,114,"Stress Post","ASV341  ( Lachnospiraceae )"
"ASV284",0.00926190476190476,"Bacteria","Firmicutes","Clostridia","Lachnospirales","Lachnospiraceae",NA,115,"Stress Post","ASV284  ( Lachnospiraceae )"
"ASV170",0.00879761904761905,"Bacteria","Firmicutes","Clostridia","Oscillospirales","[Eubacterium] coprostanoligenes group",NA,116,"Stress Pre","ASV170  ( [Eubacterium] coprostanoligenes group )"
"ASV84",0.00878571428571428,"Bacteria","Firmicutes","Clostridia","Lachnospirales","Lachnospiraceae","Roseburia",117,"Stress Pre","ASV84  ( Lachnospiraceae )"
"ASV269",0.00876190476190476,"Bacteria","Firmicutes","Clostridia","Oscillospirales","Oscillospiraceae","Oscillospira",118,"Stress Post","ASV269  ( Oscillospiraceae )"
"ASV36",0.00853333333333333,"Bacteria","Firmicutes","Bacilli","RF39",NA,NA,119,"Stress Post","ASV36  ( NA )"
"ASV268",0.00845238095238095,"Bacteria","Firmicutes","Clostridia","Oscillospirales","Ruminococcaceae",NA,120,"Stress Post","ASV268  ( Ruminococcaceae )"
"ASV264",0.00836904761904762,"Bacteria","Firmicutes","Bacilli","Erysipelotrichales","Erysipelotrichaceae",NA,121,"Stress Post","ASV264  ( Erysipelotrichaceae )"
"ASV340",0.00805555555555555,"Bacteria","Firmicutes","Clostridia","Clostridia UCG-014",NA,NA,122,"Stress Pre","ASV340  ( NA )"
"ASV259",0.00783333333333333,"Bacteria","Firmicutes","Bacilli","Erysipelotrichales","Erysipelatoclostridiaceae","Erysipelatoclostridium",123,"Stress Pre","ASV259  ( Erysipelatoclostridiaceae )"
"ASV402",0.00761904761904762,"Bacteria","Firmicutes","Clostridia","Clostridia vadinBB60 group",NA,NA,124,"Stress Post","ASV402  ( NA )"
"ASV116",0.00754761904761905,"Bacteria","Firmicutes","Clostridia","Lachnospirales","Lachnospiraceae","[Eubacterium] xylanophilum group",125,"Stress Post","ASV116  ( Lachnospiraceae )"
"ASV6",0.00708333333333333,"Bacteria","Bacteroidota","Bacteroidia","Bacteroidales","Muribaculaceae",NA,126,"Stress Pre","ASV6  ( Muribaculaceae )"
"ASV404",0.007,"Bacteria","Firmicutes","Clostridia","Lachnospirales","Lachnospiraceae","Lachnospiraceae NK4A136 group",127,"Stress Post","ASV404  ( Lachnospiraceae )"
"ASV123",0.00694047619047619,"Bacteria","Firmicutes","Clostridia","Lachnospirales","Lachnospiraceae","Marvinbryantia",128,"Stress Pre","ASV123  ( Lachnospiraceae )"
"ASV320",0.00693333333333333,"Bacteria","Firmicutes","Clostridia","Lachnospirales","Lachnospiraceae",NA,129,"Stress Post","ASV320  ( Lachnospiraceae )"
"ASV101",0.00671428571428572,"Bacteria","Firmicutes","Clostridia","Oscillospirales","Oscillospiraceae","Colidextribacter",130,"Stress Post","ASV101  ( Oscillospiraceae )"
"ASV221",0.00626984126984127,"Bacteria","Firmicutes","Bacilli","RF39",NA,NA,131,"Stress Pre","ASV221  ( NA )"
"ASV219",0.00613095238095238,"Bacteria","Firmicutes","Clostridia","Lachnospirales","Lachnospiraceae",NA,132,"Stress Post","ASV219  ( Lachnospiraceae )"
"ASV354",0.0061,"Bacteria","Firmicutes","Clostridia","Clostridia vadinBB60 group",NA,NA,133,"Stress Post","ASV354  ( NA )"
"ASV512",0.00608571428571429,"Bacteria","Firmicutes","Clostridia","Oscillospirales","Ruminococcaceae","Harryflintia",134,"Stress Pre","ASV512  ( Ruminococcaceae )"
"ASV166",0.006,"Bacteria","Firmicutes","Clostridia","Clostridia UCG-014",NA,NA,137,"Stress Pre","ASV166  ( NA )"
"ASV282",0.006,"Bacteria","Firmicutes","Clostridia","Lachnospirales","Lachnospiraceae","Lachnospiraceae UCG-001",137,"Stress Post","ASV282  ( Lachnospiraceae )"
"ASV302",0.006,"Bacteria","Firmicutes","Clostridia","Lachnospirales","Lachnospiraceae","Roseburia",137,"Stress Post","ASV302  ( Lachnospiraceae )"
"ASV380",0.006,"Bacteria","Firmicutes","Bacilli","RF39",NA,NA,137,"Stress Pre","ASV380  ( NA )"
"ASV445",0.006,"Bacteria","Firmicutes","Clostridia","Lachnospirales","Lachnospiraceae","Lachnospiraceae UCG-010",137,"Stress Post","ASV445  ( Lachnospiraceae )"
"ASV223",0.00591666666666667,"Bacteria","Firmicutes","Clostridia","Oscillospirales","Ruminococcaceae","Anaerotruncus",140,"Stress Post","ASV223  ( Ruminococcaceae )"
"ASV286",0.00583333333333333,"Bacteria","Firmicutes","Clostridia","Lachnospirales","Lachnospiraceae",NA,142.5,"Stress Pre","ASV286  ( Lachnospiraceae )"
"ASV342",0.00583333333333333,"Bacteria","Firmicutes","Clostridia","Lachnospirales","Lachnospiraceae","Lachnospiraceae UCG-006",142.5,"Stress Post","ASV342  ( Lachnospiraceae )"
"ASV424",0.00583333333333333,"Bacteria","Firmicutes","Clostridia","Oscillospirales","Oscillospiraceae","Intestinimonas",142.5,"Stress Post","ASV424  ( Oscillospiraceae )"
"ASV9",0.00583333333333333,"Bacteria","Bacteroidota","Bacteroidia","Bacteroidales","Bacteroidaceae","Bacteroides",142.5,"Stress Post","ASV9  ( Bacteroidaceae )"
"ASV363",0.00575,"Bacteria","Firmicutes","Clostridia","Oscillospirales","Oscillospiraceae","NK4A214 group",145,"Stress Post","ASV363  ( Oscillospiraceae )"
"ASV118",0.00533333333333333,"Bacteria","Firmicutes","Clostridia","Lachnospirales","Lachnospiraceae",NA,148,"Stress Post","ASV118  ( Lachnospiraceae )"
"ASV127",0.00533333333333333,"Bacteria","Firmicutes","Clostridia","Lachnospirales","Lachnospiraceae","A2",148,"Stress Post","ASV127  ( Lachnospiraceae )"
"ASV206",0.00533333333333333,"Bacteria","Firmicutes","Clostridia","Lachnospirales","Lachnospiraceae","Lachnospiraceae FCS020 group",148,"Stress Pre","ASV206  ( Lachnospiraceae )"
"ASV285",0.00533333333333333,"Bacteria","Firmicutes","Clostridia","Lachnospirales","Lachnospiraceae","Lachnoclostridium",148,"Stress Post","ASV285  ( Lachnospiraceae )"
"ASV293",0.00533333333333333,"Bacteria","Firmicutes","Clostridia","Lachnospirales","Lachnospiraceae",NA,148,"Stress Post","ASV293  ( Lachnospiraceae )"
"ASV224",0.00529206349206349,"Bacteria","Firmicutes","Clostridia","Lachnospirales","Lachnospiraceae","Lachnospiraceae UCG-001",151,"Stress Post","ASV224  ( Lachnospiraceae )"
"ASV228",0.00520634920634921,"Bacteria","Firmicutes","Clostridia","Lachnospirales","Lachnospiraceae","Lachnospiraceae NK4A136 group",152,"Stress Pre","ASV228  ( Lachnospiraceae )"
"ASV1705",0.00519444444444444,"Bacteria","Firmicutes",NA,NA,NA,NA,153,"Stress Post","ASV1705  ( NA )"
"ASV361",0.00515555555555555,"Bacteria","Firmicutes","Clostridia","Oscillospirales","Ruminococcaceae",NA,154,"Stress Post","ASV361  ( Ruminococcaceae )"
"ASV100",0.00504761904761905,"Bacteria","Firmicutes","Bacilli","Staphylococcales","Staphylococcaceae","Staphylococcus",155,"Stress Pre","ASV100  ( Staphylococcaceae )"
"ASV21",0.00502857142857143,"Bacteria","Firmicutes","Clostridia","Oscillospirales","Oscillospiraceae","Intestinimonas",156,"Stress Post","ASV21  ( Oscillospiraceae )"
"ASV486",0.00471428571428571,"Bacteria","Firmicutes","Clostridia","Clostridia vadinBB60 group",NA,NA,157,"Stress Post","ASV486  ( NA )"
"ASV38",0.00464285714285714,"Bacteria","Bacteroidota","Bacteroidia","Bacteroidales","Muribaculaceae",NA,158,"Stress Pre","ASV38  ( Muribaculaceae )"
"ASV372",0.0046,"Bacteria","Firmicutes","Clostridia","Oscillospirales","Oscillospiraceae",NA,159,"Stress Post","ASV372  ( Oscillospiraceae )"
"ASV2",0.0045,"Bacteria","Firmicutes","Bacilli","Lactobacillales","Enterococcaceae","Enterococcus",162,"Stress Post","ASV2  ( Enterococcaceae )"
"ASV312",0.0045,"Bacteria","Firmicutes","Clostridia","Lachnospirales","Lachnospiraceae",NA,162,"Stress Post","ASV312  ( Lachnospiraceae )"
"ASV32",0.0045,"Bacteria","Firmicutes","Clostridia","Oscillospirales","Oscillospiraceae",NA,162,"Stress Post","ASV32  ( Oscillospiraceae )"
"ASV373",0.0045,"Bacteria","Firmicutes","Clostridia","Lachnospirales","Lachnospiraceae",NA,162,"Stress Post","ASV373  ( Lachnospiraceae )"
"ASV639",0.0045,"Bacteria","Firmicutes","Clostridia","Clostridia vadinBB60 group",NA,NA,162,"Stress Post","ASV639  ( NA )"
"ASV260",0.00428571428571429,"Bacteria","Firmicutes","Clostridia","Oscillospirales","Ruminococcaceae","[Eubacterium] siraeum group",166,"Stress Post","ASV260  ( Ruminococcaceae )"
"ASV296",0.00428571428571429,"Bacteria","Firmicutes","Clostridia","Lachnospirales","Lachnospiraceae",NA,166,"Stress Post","ASV296  ( Lachnospiraceae )"
"ASV400",0.00428571428571429,"Bacteria","Firmicutes","Clostridia","Clostridia UCG-014",NA,NA,166,"Stress Pre","ASV400  ( NA )"
"ASV270",0.00416666666666666,"Bacteria","Firmicutes","Clostridia","Lachnospirales","Lachnospiraceae",NA,168,"Stress Post","ASV270  ( Lachnospiraceae )"
"ASV186",0.00408333333333333,"Bacteria","Firmicutes","Clostridia","Lachnospirales","Lachnospiraceae","Tuzzerella",170,"Stress Post","ASV186  ( Lachnospiraceae )"
"ASV55",0.00408333333333333,"Bacteria","Firmicutes","Clostridia","Lachnospirales","Lachnospiraceae",NA,170,"Stress Pre","ASV55  ( Lachnospiraceae )"
"ASV78",0.00408333333333333,"Bacteria","Firmicutes","Clostridia","Lachnospirales","Lachnospiraceae","Tyzzerella",170,"Stress Post","ASV78  ( Lachnospiraceae )"
"ASV185",0.00373333333333333,"Bacteria","Firmicutes","Clostridia","Lachnospirales","Lachnospiraceae","Acetatifactor",172,"Stress Post","ASV185  ( Lachnospiraceae )"
"ASV43",0.00352777777777778,"Bacteria","Firmicutes","Clostridia","Lachnospirales","Lachnospiraceae",NA,173,"Stress Post","ASV43  ( Lachnospiraceae )"
"ASV1238",0.00349206349206349,"Bacteria","Firmicutes","Clostridia","Lachnospirales","Lachnospiraceae",NA,174,"Stress Post","ASV1238  ( Lachnospiraceae )"
"ASV211",0.00342857142857143,"Bacteria","Firmicutes","Clostridia","Lachnospirales","Lachnospiraceae",NA,175,"Stress Post","ASV211  ( Lachnospiraceae )"
"ASV441",0.00338095238095238,"Bacteria","Firmicutes","Clostridia","Clostridia UCG-014",NA,NA,176,"Stress Post","ASV441  ( NA )"
"ASV1236",0.00333333333333333,"Bacteria","Firmicutes","Bacilli","RF39",NA,NA,178,"Stress Post","ASV1236  ( NA )"
"ASV317",0.00333333333333333,"Bacteria","Firmicutes","Clostridia","Clostridia UCG-014",NA,NA,178,"Stress Post","ASV317  ( NA )"
"ASV376",0.00333333333333333,"Bacteria","Firmicutes","Clostridia","Lachnospirales","Lachnospiraceae",NA,178,"Stress Pre","ASV376  ( Lachnospiraceae )"
"ASV1704",0.00331428571428571,"Bacteria","Firmicutes","Clostridia","Oscillospirales","Oscillospiraceae",NA,180.5,"Stress Post","ASV1704  ( Oscillospiraceae )"
"ASV49",0.00331428571428571,"Bacteria","Firmicutes","Clostridia","Lachnospirales","Lachnospiraceae","Lachnospiraceae NK4A136 group",180.5,"Stress Post","ASV49  ( Lachnospiraceae )"
"ASV475",0.00325,"Bacteria","Firmicutes","Clostridia","Lachnospirales","Lachnospiraceae","GCA-900066575",182,"Stress Post","ASV475  ( Lachnospiraceae )"
"ASV440",0.0032,"Bacteria","Firmicutes","Bacilli","RF39",NA,NA,183,"Stress Post","ASV440  ( NA )"
"ASV196",0.003,"Bacteria","Firmicutes","Clostridia","Oscillospirales","Oscillospiraceae",NA,184.5,"Stress Post","ASV196  ( Oscillospiraceae )"
"ASV65",0.003,"Bacteria","Firmicutes","Clostridia","Lachnospirales","Lachnospiraceae","Lachnospiraceae FCS020 group",184.5,"Stress Pre","ASV65  ( Lachnospiraceae )"
"ASV208",0.00272222222222222,"Bacteria","Firmicutes","Clostridia","Oscillospirales","[Eubacterium] coprostanoligenes group",NA,186,"Stress Pre","ASV208  ( [Eubacterium] coprostanoligenes group )"
"ASV232",0.0027,"Bacteria","Firmicutes","Clostridia","Peptostreptococcales-Tissierellales","Anaerovoracaceae","[Eubacterium] nodatum group",187,"Stress Post","ASV232  ( Anaerovoracaceae )"
"ASV308",0.00266666666666667,"Bacteria","Firmicutes","Clostridia","Lachnospirales","Lachnospiraceae","GCA-900066575",188.5,"Stress Post","ASV308  ( Lachnospiraceae )"
"ASV360",0.00266666666666667,"Bacteria","Firmicutes","Clostridia","Oscillospirales","Oscillospiraceae","Colidextribacter",188.5,"Stress Post","ASV360  ( Oscillospiraceae )"
"ASV103",0.002,"Bacteria","Firmicutes","Clostridia","Oscillospirales","Oscillospiraceae","Colidextribacter",190,"Stress Pre","ASV103  ( Oscillospiraceae )"
"ASV117",0.00183333333333333,"Bacteria","Firmicutes","Clostridia","Oscillospirales","Oscillospiraceae",NA,191.5,"Stress Post","ASV117  ( Oscillospiraceae )"
"ASV367",0.00183333333333333,"Bacteria","Actinobacteriota","Actinobacteria","Micrococcales","Sanguibacteraceae","Sanguibacter-Flavimobilis",191.5,"Stress Pre","ASV367  ( Sanguibacteraceae )"
"ASV517",0.0018,"Bacteria","Firmicutes","Clostridia","Lachnospirales","Lachnospiraceae",NA,193.5,"Stress Pre","ASV517  ( Lachnospiraceae )"
"ASV638",0.0018,"Bacteria","Firmicutes","Clostridia","Peptostreptococcales-Tissierellales","Anaerovoracaceae","[Eubacterium] brachy group",193.5,"Stress Post","ASV638  ( Anaerovoracaceae )"
"ASV301",0.00177777777777778,"Bacteria","Firmicutes","Clostridia","Oscillospirales","Oscillospiraceae",NA,196.5,"Stress Post","ASV301  ( Oscillospiraceae )"
"ASV315",0.00177777777777778,"Bacteria","Firmicutes","Clostridia","Oscillospirales","Oscillospiraceae","Oscillibacter",196.5,"Stress Post","ASV315  ( Oscillospiraceae )"
"ASV390",0.00177777777777778,"Bacteria","Firmicutes","Clostridia","Lachnospirales","Lachnospiraceae","GCA-900066575",196.5,"Stress Pre","ASV390  ( Lachnospiraceae )"
"ASV575",0.00177777777777778,"Bacteria","Firmicutes","Clostridia","Oscillospirales","Ruminococcaceae",NA,196.5,"Stress Pre","ASV575  ( Ruminococcaceae )"
"ASV213",0.00175,"Bacteria","Firmicutes","Clostridia","Lachnospirales","Lachnospiraceae",NA,200.5,"Stress Post","ASV213  ( Lachnospiraceae )"
"ASV344",0.00175,"Bacteria","Firmicutes","Clostridia","Clostridia vadinBB60 group",NA,NA,200.5,"Stress Post","ASV344  ( NA )"
"ASV538",0.00175,"Bacteria","Firmicutes","Bacilli","RF39",NA,NA,200.5,"Stress Pre","ASV538  ( NA )"
"ASV566",0.00175,"Bacteria","Firmicutes","Clostridia","Oscillospirales","Butyricicoccaceae","Butyricicoccus",200.5,"Stress Post","ASV566  ( Butyricicoccaceae )"
"ASV1353",0.00171428571428571,"Bacteria","Firmicutes","Clostridia","Lachnospirales","Lachnospiraceae","Lachnospiraceae NK4A136 group",206.5,"Stress Post","ASV1353  ( Lachnospiraceae )"
"ASV175",0.00171428571428571,"Bacteria","Firmicutes","Clostridia","Lachnospirales","Lachnospiraceae","Roseburia",206.5,"Stress Post","ASV175  ( Lachnospiraceae )"
"ASV385",0.00171428571428571,"Bacteria","Firmicutes","Clostridia","Oscillospirales","Oscillospiraceae","Oscillibacter",206.5,"Stress Pre","ASV385  ( Oscillospiraceae )"
"ASV44",0.00171428571428571,"Bacteria","Firmicutes","Clostridia","Lachnospirales","Lachnospiraceae","Lachnospiraceae UCG-001",206.5,"Stress Post","ASV44  ( Lachnospiraceae )"
"ASV45",0.00171428571428571,"Bacteria","Firmicutes","Clostridia","Lachnospirales","Lachnospiraceae","[Eubacterium] xylanophilum group",206.5,"Stress Post","ASV45  ( Lachnospiraceae )"
"ASV465",0.00171428571428571,"Bacteria","Firmicutes","Clostridia","Oscillospirales","Oscillospiraceae",NA,206.5,"Stress Post","ASV465  ( Oscillospiraceae )"
"ASV497",0.00171428571428571,"Bacteria","Firmicutes","Clostridia","Peptostreptococcales-Tissierellales","Anaerovoracaceae","[Eubacterium] brachy group",206.5,"Stress Post","ASV497  ( Anaerovoracaceae )"
"ASV89",0.00171428571428571,"Bacteria","Firmicutes","Clostridia","Lachnospirales","Lachnospiraceae","Lachnospiraceae NK4A136 group",206.5,"Stress Post","ASV89  ( Lachnospiraceae )"
"ASV1073",0.00166666666666667,"Bacteria","Firmicutes","Clostridia","Clostridiales","Clostridiaceae","Clostridium sensu stricto 1",216.5,"Stress Pre","ASV1073  ( Clostridiaceae )"
"ASV134",0.00166666666666667,"Bacteria","Firmicutes","Clostridia","Lachnospirales","Lachnospiraceae","A2",216.5,"Stress Pre","ASV134  ( Lachnospiraceae )"
"ASV152",0.00166666666666667,"Bacteria","Firmicutes","Clostridia","Lachnospirales","Lachnospiraceae",NA,216.5,"Stress Post","ASV152  ( Lachnospiraceae )"
"ASV1781",0.00166666666666667,"Bacteria","Firmicutes","Clostridia","Oscillospirales","Oscillospiraceae",NA,216.5,"Stress Post","ASV1781  ( Oscillospiraceae )"
"ASV233",0.00166666666666667,"Bacteria","Firmicutes","Clostridia","Lachnospirales","Lachnospiraceae",NA,216.5,"Stress Pre","ASV233  ( Lachnospiraceae )"
"ASV289",0.00166666666666667,"Bacteria","Firmicutes","Clostridia","Lachnospirales","Lachnospiraceae","Lachnoclostridium",216.5,"Stress Pre","ASV289  ( Lachnospiraceae )"
"ASV484",0.00166666666666667,"Bacteria","Firmicutes","Clostridia","Clostridia vadinBB60 group",NA,NA,216.5,"Stress Post","ASV484  ( NA )"
"ASV485",0.00166666666666667,"Bacteria","Firmicutes","Clostridia","Oscillospirales","Ruminococcaceae","Anaerotruncus",216.5,"Stress Post","ASV485  ( Ruminococcaceae )"
"ASV524",0.00166666666666667,"Bacteria","Firmicutes","Clostridia","Lachnospirales","Lachnospiraceae",NA,216.5,"Stress Pre","ASV524  ( Lachnospiraceae )"
"ASV54",0.00166666666666667,"Bacteria","Firmicutes","Clostridia","Lachnospirales","Lachnospiraceae","[Eubacterium] xylanophilum group",216.5,"Stress Post","ASV54  ( Lachnospiraceae )"
"ASV572",0.00166666666666667,"Bacteria","Actinobacteriota","Actinobacteria","Micrococcales","Dermabacteraceae","Brachybacterium",216.5,"Stress Post","ASV572  ( Dermabacteraceae )"
"ASV573",0.00166666666666667,"Bacteria","Firmicutes","Clostridia","Lachnospirales","Lachnospiraceae","Lachnoclostridium",216.5,"Stress Pre","ASV573  ( Lachnospiraceae )"
"ASV1187",0.0016,"Bacteria","Firmicutes","Clostridia","Lachnospirales","Lachnospiraceae",NA,225.5,"Stress Post","ASV1187  ( Lachnospiraceae )"
"ASV388",0.0016,"Bacteria","Firmicutes","Clostridia","Peptostreptococcales-Tissierellales","Anaerovoracaceae","Family XIII AD3011 group",225.5,"Stress Post","ASV388  ( Anaerovoracaceae )"
"ASV394",0.0016,"Bacteria","Bacteroidota","Bacteroidia","Bacteroidales","Bacteroidaceae","Bacteroides",225.5,"Stress Post","ASV394  ( Bacteroidaceae )"
"ASV574",0.0016,"Bacteria","Firmicutes","Clostridia","Clostridia UCG-014",NA,NA,225.5,"Stress Pre","ASV574  ( NA )"
"ASV644",0.0016,"Bacteria","Firmicutes","Clostridia","Lachnospirales","Lachnospiraceae",NA,225.5,"Stress Pre","ASV644  ( Lachnospiraceae )"
"ASV74",0.0016,"Bacteria","Firmicutes","Clostridia","Oscillospirales","Oscillospiraceae",NA,225.5,"Stress Post","ASV74  ( Oscillospiraceae )"
"ASV414",0.00151515151515152,"Bacteria","Firmicutes","Clostridia","Lachnospirales","Lachnospiraceae","Roseburia",229,"Stress Post","ASV414  ( Lachnospiraceae )"
"ASV263",0.0015,"Bacteria","Firmicutes","Clostridia","Clostridia UCG-014",NA,NA,231,"Stress Post","ASV263  ( NA )"
"ASV266",0.0015,"Bacteria","Firmicutes","Bacilli","Erysipelotrichales","Erysipelotrichaceae",NA,231,"Stress Pre","ASV266  ( Erysipelotrichaceae )"
"ASV274",0.0015,"Bacteria","Firmicutes","Clostridia","Clostridia UCG-014",NA,NA,231,"Stress Post","ASV274  ( NA )"
"ASV102",0,"Bacteria","Firmicutes","Clostridia","Lachnospirales","Lachnospiraceae","Lachnospiraceae NK4A136 group",301.5,"Stress Post","ASV102  ( Lachnospiraceae )"
"ASV1120",0,"Bacteria","Firmicutes","Clostridia","Lachnospirales","Lachnospiraceae","Lachnospiraceae NK4A136 group",301.5,"Stress Post","ASV1120  ( Lachnospiraceae )"
"ASV115",0,"Bacteria","Firmicutes","Clostridia","Lachnospirales","Lachnospiraceae",NA,301.5,"Stress Post","ASV115  ( Lachnospiraceae )"
"ASV1188",0,"Bacteria","Actinobacteriota","Coriobacteriia","Coriobacteriales","Coriobacteriales Incertae Sedis",NA,301.5,"Stress Post","ASV1188  ( Coriobacteriales Incertae Sedis )"
"ASV120",0,"Bacteria","Firmicutes","Clostridia","Lachnospirales","Lachnospiraceae","Lachnospiraceae NK4A136 group",301.5,"Stress Post","ASV120  ( Lachnospiraceae )"
"ASV1235",0,"Bacteria","Firmicutes","Clostridia","Lachnospirales","Lachnospiraceae","Lachnospiraceae NK4A136 group",301.5,"Stress Post","ASV1235  ( Lachnospiraceae )"
"ASV1237",0,"Bacteria","Firmicutes","Clostridia","Oscillospirales","Oscillospiraceae","Oscillibacter",301.5,"Stress Post","ASV1237  ( Oscillospiraceae )"
"ASV125",0,"Bacteria","Firmicutes","Clostridia","Lachnospirales","Lachnospiraceae","Marvinbryantia",301.5,"Stress Post","ASV125  ( Lachnospiraceae )"
"ASV130",0,"Bacteria","Firmicutes","Clostridia","Oscillospirales","Butyricicoccaceae","UCG-009",301.5,"Stress Post","ASV130  ( Butyricicoccaceae )"
"ASV1352",0,"Bacteria","Firmicutes","Bacilli","RF39",NA,NA,301.5,"Stress Pre","ASV1352  ( NA )"
"ASV14",0,"Bacteria","Firmicutes","Clostridia","Lachnospirales","Lachnospiraceae","Lachnospiraceae NK4A136 group",301.5,"Stress Post","ASV14  ( Lachnospiraceae )"
"ASV1430",0,"Bacteria","Firmicutes","Clostridia","Lachnospirales","Lachnospiraceae",NA,301.5,"Stress Post","ASV1430  ( Lachnospiraceae )"
"ASV1431",0,"Bacteria","Bacteroidota","Bacteroidia","Bacteroidales","Bacteroidaceae","Bacteroides",301.5,"Stress Post","ASV1431  ( Bacteroidaceae )"
"ASV153",0,"Bacteria","Firmicutes","Bacilli","Lactobacillales","Lactobacillaceae","Lactobacillus",301.5,"Stress Pre","ASV153  ( Lactobacillaceae )"
"ASV1544",0,"Bacteria","Bacteroidota","Bacteroidia","Bacteroidales","Bacteroidaceae","Bacteroides",301.5,"Stress Pre","ASV1544  ( Bacteroidaceae )"
"ASV1545",0,"Bacteria","Firmicutes","Bacilli","RF39",NA,NA,301.5,"Stress Pre","ASV1545  ( NA )"
"ASV1549",0,"Bacteria","Bacteroidota","Bacteroidia","Bacteroidales","Bacteroidaceae","Bacteroides",301.5,"Stress Post","ASV1549  ( Bacteroidaceae )"
"ASV156",0,"Bacteria","Firmicutes","Clostridia","Lachnospirales","Lachnospiraceae",NA,301.5,"Stress Pre","ASV156  ( Lachnospiraceae )"
"ASV157",0,"Bacteria","Firmicutes","Clostridia","Lachnospirales","Lachnospiraceae","Lachnospiraceae UCG-001",301.5,"Stress Post","ASV157  ( Lachnospiraceae )"
"ASV158",0,"Bacteria","Firmicutes","Clostridia","Clostridiales","Clostridiaceae","Clostridium sensu stricto 1",301.5,"Stress Pre","ASV158  ( Clostridiaceae )"
"ASV165",0,"Bacteria","Firmicutes","Clostridia","Lachnospirales","Lachnospiraceae",NA,301.5,"Stress Post","ASV165  ( Lachnospiraceae )"
"ASV167",0,"Bacteria","Firmicutes","Clostridia","Lachnospirales","Lachnospiraceae","Lachnospiraceae UCG-001",301.5,"Stress Post","ASV167  ( Lachnospiraceae )"
"ASV1697",0,"Bacteria","Proteobacteria","Gammaproteobacteria","Burkholderiales","Comamonadaceae",NA,301.5,"Stress Post","ASV1697  ( Comamonadaceae )"
"ASV1698",0,"Bacteria","Firmicutes","Clostridia","Lachnospirales","Lachnospiraceae",NA,301.5,"Stress Post","ASV1698  ( Lachnospiraceae )"
"ASV1699",0,"Bacteria","Proteobacteria","Gammaproteobacteria","Pseudomonadales","Cellvibrionaceae",NA,301.5,"Stress Post","ASV1699  ( Cellvibrionaceae )"
"ASV1700",0,"Bacteria","Actinobacteriota","Actinobacteria","Glycomycetales","Glycomycetaceae","Glycomyces",301.5,"Stress Post","ASV1700  ( Glycomycetaceae )"
"ASV1701",0,"Bacteria","Firmicutes","Clostridia","Lachnospirales","Lachnospiraceae","[Eubacterium] xylanophilum group",301.5,"Stress Post","ASV1701  ( Lachnospiraceae )"
"ASV1702",0,"Bacteria","Firmicutes","Clostridia","Lachnospirales","Lachnospiraceae",NA,301.5,"Stress Post","ASV1702  ( Lachnospiraceae )"
"ASV1703",0,"Bacteria","Firmicutes","Clostridia","Lachnospirales","Lachnospiraceae","[Eubacterium] xylanophilum group",301.5,"Stress Post","ASV1703  ( Lachnospiraceae )"
"ASV1706",0,"Bacteria","Firmicutes","Clostridia","Lachnospirales","Lachnospiraceae","Lachnospiraceae NK4A136 group",301.5,"Stress Post","ASV1706  ( Lachnospiraceae )"
"ASV1778",0,"Bacteria","Cyanobacteria","Cyanobacteriia","Cyanobacteriales","Nostocaceae","Nostoc PCC-7524",301.5,"Stress Post","ASV1778  ( Nostocaceae )"
"ASV1779",0,"Bacteria","Proteobacteria","Alphaproteobacteria","Rhizobiales","Rhizobiaceae","Pseudorhizobium",301.5,"Stress Post","ASV1779  ( Rhizobiaceae )"
"ASV1780",0,"Bacteria","Firmicutes","Clostridia","Lachnospirales","Lachnospiraceae",NA,301.5,"Stress Post","ASV1780  ( Lachnospiraceae )"
"ASV188",0,"Bacteria","Firmicutes","Clostridia","Oscillospirales","Ruminococcaceae","[Eubacterium] siraeum group",301.5,"Stress Post","ASV188  ( Ruminococcaceae )"
"ASV193",0,"Bacteria","Firmicutes","Clostridia","Lachnospirales","Lachnospiraceae","Lachnospiraceae NK4A136 group",301.5,"Stress Post","ASV193  ( Lachnospiraceae )"
"ASV195",0,"Bacteria","Firmicutes","Clostridia","Oscillospirales","UCG-010",NA,301.5,"Stress Post","ASV195  ( UCG-010 )"
"ASV200",0,"Bacteria","Firmicutes","Clostridia","Lachnospirales","Lachnospiraceae",NA,301.5,"Stress Post","ASV200  ( Lachnospiraceae )"
"ASV212",0,"Bacteria","Firmicutes","Clostridia","Lachnospirales","Lachnospiraceae","Lachnospiraceae UCG-006",301.5,"Stress Post","ASV212  ( Lachnospiraceae )"
"ASV215",0,"Bacteria","Firmicutes","Clostridia","Oscillospirales","Ruminococcaceae","Anaerotruncus",301.5,"Stress Post","ASV215  ( Ruminococcaceae )"
"ASV222",0,"Bacteria","Firmicutes","Clostridia","Clostridia UCG-014",NA,NA,301.5,"Stress Pre","ASV222  ( NA )"
"ASV238",0,"Bacteria","Actinobacteriota","Actinobacteria","Micrococcales","Microbacteriaceae","Curtobacterium",301.5,"Stress Pre","ASV238  ( Microbacteriaceae )"
"ASV241",0,"Bacteria","Firmicutes","Clostridia","Oscillospirales","Oscillospiraceae","Oscillibacter",301.5,"Stress Post","ASV241  ( Oscillospiraceae )"
"ASV242",0,"Bacteria","Firmicutes","Clostridia","Lachnospirales","Lachnospiraceae","Lachnospiraceae UCG-004",301.5,"Stress Post","ASV242  ( Lachnospiraceae )"
"ASV245",0,"Bacteria","Firmicutes","Clostridia","Clostridia vadinBB60 group",NA,NA,301.5,"Stress Post","ASV245  ( NA )"
"ASV247",0,"Bacteria","Firmicutes","Clostridia","Lachnospirales","Lachnospiraceae","Lachnospiraceae UCG-006",301.5,"Stress Post","ASV247  ( Lachnospiraceae )"
"ASV249",0,"Bacteria","Firmicutes","Clostridia","Lachnospirales","Lachnospiraceae","28-4",301.5,"Stress Post","ASV249  ( Lachnospiraceae )"
"ASV251",0,"Bacteria","Cyanobacteria","Cyanobacteriia","Chloroplast",NA,NA,301.5,"Stress Pre","ASV251  ( NA )"
"ASV253",0,"Bacteria","Firmicutes","Clostridia","Lachnospirales","Lachnospiraceae","Acetatifactor",301.5,"Stress Post","ASV253  ( Lachnospiraceae )"
"ASV254",0,"Bacteria","Firmicutes","Clostridia","Lachnospirales","Lachnospiraceae",NA,301.5,"Stress Pre","ASV254  ( Lachnospiraceae )"
"ASV255",0,"Bacteria","Firmicutes","Clostridia","Lachnospirales","Lachnospiraceae",NA,301.5,"Stress Post","ASV255  ( Lachnospiraceae )"
"ASV27",0,"Bacteria","Bacteroidota","Bacteroidia","Bacteroidales","Rikenellaceae","Alistipes",301.5,"Stress Post","ASV27  ( Rikenellaceae )"
"ASV272",0,"Bacteria","Firmicutes","Clostridia","Clostridia UCG-014",NA,NA,301.5,"Stress Post","ASV272  ( NA )"
"ASV278",0,"Bacteria","Firmicutes","Clostridia","Lachnospirales","Lachnospiraceae","Lachnoclostridium",301.5,"Stress Pre","ASV278  ( Lachnospiraceae )"
"ASV281",0,"Bacteria","Firmicutes","Clostridia","Oscillospirales","Oscillospiraceae","Intestinimonas",301.5,"Stress Post","ASV281  ( Oscillospiraceae )"
"ASV283",0,"Bacteria","Firmicutes","Clostridia","Clostridia UCG-014",NA,NA,301.5,"Stress Pre","ASV283  ( NA )"
"ASV287",0,"Bacteria","Firmicutes","Clostridia","Lachnospirales","Lachnospiraceae",NA,301.5,"Stress Post","ASV287  ( Lachnospiraceae )"
"ASV288",0,"Bacteria","Firmicutes","Clostridia","Lachnospirales","Lachnospiraceae","GCA-900066575",301.5,"Stress Post","ASV288  ( Lachnospiraceae )"
"ASV297",0,"Bacteria","Firmicutes","Clostridia","Clostridiales","Clostridiaceae","Clostridium sensu stricto 1",301.5,"Stress Pre","ASV297  ( Clostridiaceae )"
"ASV299",0,"Bacteria","Firmicutes","Clostridia","Lachnospirales","Lachnospiraceae",NA,301.5,"Stress Post","ASV299  ( Lachnospiraceae )"
"ASV3",0,"Bacteria","Bacteroidota","Bacteroidia","Bacteroidales","Muribaculaceae",NA,301.5,"Stress Post","ASV3  ( Muribaculaceae )"
"ASV306",0,"Bacteria","Firmicutes","Clostridia","Oscillospirales","Ruminococcaceae","Ruminococcus",301.5,"Stress Post","ASV306  ( Ruminococcaceae )"
"ASV321",0,"Bacteria","Firmicutes","Clostridia","Clostridiales","Clostridiaceae","Clostridium sensu stricto 1",301.5,"Stress Pre","ASV321  ( Clostridiaceae )"
"ASV332",0,"Bacteria","Firmicutes","Clostridia","Lachnospirales","Lachnospiraceae",NA,301.5,"Stress Pre","ASV332  ( Lachnospiraceae )"
"ASV333",0,"Bacteria","Firmicutes","Clostridia","Clostridia UCG-014",NA,NA,301.5,"Stress Pre","ASV333  ( NA )"
"ASV336",0,"Bacteria","Actinobacteriota","Actinobacteria","Micrococcales","Dermabacteraceae","Brachybacterium",301.5,"Stress Pre","ASV336  ( Dermabacteraceae )"
"ASV351",0,"Bacteria","Firmicutes","Clostridia","Lachnospirales","Lachnospiraceae","GCA-900066575",301.5,"Stress Pre","ASV351  ( Lachnospiraceae )"
"ASV356",0,"Bacteria","Firmicutes","Clostridia","Clostridia UCG-014",NA,NA,301.5,"Stress Post","ASV356  ( NA )"
"ASV362",0,"Bacteria","Actinobacteriota","Actinobacteria","Micrococcales","Microbacteriaceae","Frondihabitans",301.5,"Stress Post","ASV362  ( Microbacteriaceae )"
"ASV365",0,"Bacteria","Firmicutes","Clostridia","Oscillospirales","Oscillospiraceae","Colidextribacter",301.5,"Stress Pre","ASV365  ( Oscillospiraceae )"
"ASV366",0,"Bacteria","Firmicutes","Clostridia","Oscillospirales","Oscillospiraceae","Oscillibacter",301.5,"Stress Pre","ASV366  ( Oscillospiraceae )"
"ASV381",0,"Bacteria","Firmicutes","Bacilli","Erysipelotrichales","Erysipelotrichaceae","Turicibacter",301.5,"Stress Pre","ASV381  ( Erysipelotrichaceae )"
"ASV384",0,"Bacteria","Firmicutes","Clostridia","Oscillospirales","Butyricicoccaceae","Butyricicoccus",301.5,"Stress Post","ASV384  ( Butyricicoccaceae )"
"ASV386",0,"Bacteria","Firmicutes","Bacilli","Thermoactinomycetales","Thermoactinomycetaceae","Thermoactinomyces",301.5,"Stress Post","ASV386  ( Thermoactinomycetaceae )"
"ASV395",0,"Bacteria","Firmicutes","Clostridia","Monoglobales","Monoglobaceae","Monoglobus",301.5,"Stress Pre","ASV395  ( Monoglobaceae )"
"ASV403",0,"Bacteria","Firmicutes","Clostridia","Clostridia vadinBB60 group",NA,NA,301.5,"Stress Pre","ASV403  ( NA )"
"ASV408",0,"Bacteria","Firmicutes","Clostridia","Lachnospirales","Lachnospiraceae",NA,301.5,"Stress Post","ASV408  ( Lachnospiraceae )"
"ASV413",0,"Bacteria","Firmicutes","Bacilli","Erysipelotrichales","Erysipelatoclostridiaceae",NA,301.5,"Stress Post","ASV413  ( Erysipelatoclostridiaceae )"
"ASV42",0,"Bacteria","Firmicutes","Clostridia","Lachnospirales","Lachnospiraceae","[Eubacterium] ventriosum group",301.5,"Stress Pre","ASV42  ( Lachnospiraceae )"
"ASV420",0,"Bacteria","Firmicutes","Clostridia","Oscillospirales","Oscillospiraceae","Oscillibacter",301.5,"Stress Post","ASV420  ( Oscillospiraceae )"
"ASV430",0,"Bacteria","Firmicutes","Clostridia","Lachnospirales","Lachnospiraceae","Lachnoclostridium",301.5,"Stress Post","ASV430  ( Lachnospiraceae )"
"ASV435",0,"Bacteria","Firmicutes","Clostridia","Lachnospirales","Lachnospiraceae","Lachnospiraceae UCG-006",301.5,"Stress Pre","ASV435  ( Lachnospiraceae )"
"ASV437",0,"Bacteria","Firmicutes","Clostridia","Oscillospirales","Oscillospiraceae","Colidextribacter",301.5,"Stress Post","ASV437  ( Oscillospiraceae )"
"ASV443",0,"Bacteria","Firmicutes","Clostridia","Lachnospirales","Lachnospiraceae","Acetatifactor",301.5,"Stress Post","ASV443  ( Lachnospiraceae )"
"ASV449",0,"Bacteria","Firmicutes","Clostridia","Lachnospirales","Lachnospiraceae","Lachnoclostridium",301.5,"Stress Pre","ASV449  ( Lachnospiraceae )"
"ASV450",0,"Bacteria","Firmicutes","Clostridia","Clostridia UCG-014",NA,NA,301.5,"Stress Post","ASV450  ( NA )"
"ASV451",0,"Bacteria","Firmicutes","Bacilli","Bacillales","Bacillaceae","Bacillus",301.5,"Stress Post","ASV451  ( Bacillaceae )"
"ASV453",0,"Bacteria","Firmicutes","Bacilli","RF39",NA,NA,301.5,"Stress Pre","ASV453  ( NA )"
"ASV456",0,"Bacteria","Firmicutes","Clostridia","Lachnospirales","Lachnospiraceae","Lachnospiraceae NK4A136 group",301.5,"Stress Pre","ASV456  ( Lachnospiraceae )"
"ASV459",0,"Bacteria","Firmicutes","Clostridia","Clostridia UCG-014",NA,NA,301.5,"Stress Post","ASV459  ( NA )"
"ASV464",0,"Bacteria","Actinobacteriota","Coriobacteriia","Coriobacteriales","Eggerthellaceae","Enterorhabdus",301.5,"Stress Post","ASV464  ( Eggerthellaceae )"
"ASV466",0,"Bacteria","Firmicutes","Clostridia","Lachnospirales","Lachnospiraceae","Marvinbryantia",301.5,"Stress Post","ASV466  ( Lachnospiraceae )"
"ASV468",0,"Bacteria","Firmicutes","Clostridia","Lachnospirales","Lachnospiraceae","Lachnospiraceae UCG-010",301.5,"Stress Post","ASV468  ( Lachnospiraceae )"
"ASV472",0,"Bacteria","Firmicutes","Clostridia","Lachnospirales","Lachnospiraceae","A2",301.5,"Stress Post","ASV472  ( Lachnospiraceae )"
"ASV478",0,"Bacteria","Actinobacteriota","Actinobacteria","Glycomycetales","Glycomycetaceae","Glycomyces",301.5,"Stress Pre","ASV478  ( Glycomycetaceae )"
"ASV479",0,"Bacteria","Firmicutes","Clostridia","Peptococcales","Peptococcaceae",NA,301.5,"Stress Pre","ASV479  ( Peptococcaceae )"
"ASV483",0,"Bacteria","Firmicutes","Clostridia","Oscillospirales","Oscillospiraceae",NA,301.5,"Stress Post","ASV483  ( Oscillospiraceae )"
"ASV490",0,"Bacteria","Firmicutes","Clostridia","Clostridia UCG-014",NA,NA,301.5,"Stress Pre","ASV490  ( NA )"
"ASV493",0,"Bacteria","Firmicutes","Clostridia","Lachnospirales","Lachnospiraceae","Roseburia",301.5,"Stress Post","ASV493  ( Lachnospiraceae )"
"ASV499",0,"Bacteria","Firmicutes","Clostridia","Lachnospirales","Lachnospiraceae","Lachnoclostridium",301.5,"Stress Post","ASV499  ( Lachnospiraceae )"
"ASV501",0,"Bacteria","Firmicutes","Clostridia","Oscillospirales","Oscillospiraceae","Colidextribacter",301.5,"Stress Post","ASV501  ( Oscillospiraceae )"
"ASV504",0,"Bacteria","Actinobacteriota","Actinobacteria","Corynebacteriales","Corynebacteriaceae","Corynebacterium",301.5,"Stress Post","ASV504  ( Corynebacteriaceae )"
"ASV505",0,"Bacteria","Firmicutes","Clostridia","Oscillospirales","Ruminococcaceae","Ruminococcus",301.5,"Stress Post","ASV505  ( Ruminococcaceae )"
"ASV506",0,"Bacteria","Firmicutes","Clostridia","Clostridia UCG-014",NA,NA,301.5,"Stress Post","ASV506  ( NA )"
"ASV51",0,"Bacteria","Firmicutes","Clostridia","Lachnospirales","Lachnospiraceae","Lachnospiraceae NK4A136 group",301.5,"Stress Pre","ASV51  ( Lachnospiraceae )"
"ASV514",0,"Bacteria","Proteobacteria","Alphaproteobacteria","Rhizobiales","Xanthobacteraceae","Bradyrhizobium",301.5,"Stress Post","ASV514  ( Xanthobacteraceae )"
"ASV526",0,"Bacteria","Firmicutes","Clostridia","Oscillospirales","Ruminococcaceae",NA,301.5,"Stress Post","ASV526  ( Ruminococcaceae )"
"ASV527",0,"Bacteria","Firmicutes","Clostridia","Oscillospirales","Oscillospiraceae","Oscillibacter",301.5,"Stress Post","ASV527  ( Oscillospiraceae )"
"ASV530",0,"Bacteria","Actinobacteriota","Actinobacteria","Streptosporangiales","Nocardiopsaceae","Nocardiopsis",301.5,"Stress Pre","ASV530  ( Nocardiopsaceae )"
"ASV534",0,"Bacteria","Firmicutes","Clostridia","Lachnospirales","Lachnospiraceae",NA,301.5,"Stress Post","ASV534  ( Lachnospiraceae )"
"ASV537",0,"Bacteria","Firmicutes","Clostridia","Peptostreptococcales-Tissierellales","Anaerovoracaceae","Family XIII AD3011 group",301.5,"Stress Post","ASV537  ( Anaerovoracaceae )"
"ASV542",0,"Bacteria","Firmicutes","Clostridia","Oscillospirales","Ruminococcaceae",NA,301.5,"Stress Pre","ASV542  ( Ruminococcaceae )"
"ASV546",0,"Bacteria","Firmicutes","Clostridia","Lachnospirales","Lachnospiraceae","Tuzzerella",301.5,"Stress Pre","ASV546  ( Lachnospiraceae )"
"ASV555",0,"Bacteria","Firmicutes","Clostridia","Clostridia UCG-014",NA,NA,301.5,"Stress Pre","ASV555  ( NA )"
"ASV570",0,"Bacteria","Firmicutes","Clostridia","Lachnospirales","Lachnospiraceae","GCA-900066575",301.5,"Stress Pre","ASV570  ( Lachnospiraceae )"
"ASV578",0,"Bacteria","Firmicutes","Clostridia","Clostridia vadinBB60 group",NA,NA,301.5,"Stress Post","ASV578  ( NA )"
"ASV579",0,"Bacteria","Firmicutes","Bacilli","RF39",NA,NA,301.5,"Stress Post","ASV579  ( NA )"
"ASV580",0,"Bacteria","Firmicutes","Clostridia","Lachnospirales","Lachnospiraceae","GCA-900066575",301.5,"Stress Pre","ASV580  ( Lachnospiraceae )"
"ASV600",0,"Bacteria","Actinobacteriota","Actinobacteria","Micrococcales","Micrococcaceae","Pseudarthrobacter",301.5,"Stress Post","ASV600  ( Micrococcaceae )"
"ASV612",0,"Bacteria","Firmicutes","Clostridia","Lachnospirales","Lachnospiraceae","Lachnoclostridium",301.5,"Stress Post","ASV612  ( Lachnospiraceae )"
"ASV613",0,"Bacteria","Firmicutes","Bacilli","Bacillales","Bacillaceae",NA,301.5,"Stress Post","ASV613  ( Bacillaceae )"
"ASV629",0,"Bacteria","Firmicutes","Clostridia","Lachnospirales","Lachnospiraceae",NA,301.5,"Stress Pre","ASV629  ( Lachnospiraceae )"
"ASV633",0,"Bacteria","Actinobacteriota","Actinobacteria","Corynebacteriales","Corynebacteriaceae","Corynebacterium",301.5,"Stress Post","ASV633  ( Corynebacteriaceae )"
"ASV64",0,"Bacteria","Firmicutes","Clostridia","Lachnospirales","Lachnospiraceae","Marvinbryantia",301.5,"Stress Post","ASV64  ( Lachnospiraceae )"
"ASV643",0,"Bacteria","Firmicutes","Clostridia","Lachnospirales","Lachnospiraceae","Lachnoclostridium",301.5,"Stress Pre","ASV643  ( Lachnospiraceae )"
"ASV649",0,"Bacteria","Firmicutes","Clostridia","Clostridia vadinBB60 group",NA,NA,301.5,"Stress Post","ASV649  ( NA )"
"ASV676",0,"Bacteria","Firmicutes","Clostridia","Lachnospirales","Lachnospiraceae","Lachnospiraceae UCG-004",301.5,"Stress Post","ASV676  ( Lachnospiraceae )"
"ASV691",0,"Bacteria","Firmicutes","Clostridia","Oscillospirales","Ruminococcaceae","Paludicola",301.5,"Stress Pre","ASV691  ( Ruminococcaceae )"
"ASV70",0,"Bacteria","Firmicutes","Clostridia","Lachnospirales","Lachnospiraceae","Marvinbryantia",301.5,"Stress Post","ASV70  ( Lachnospiraceae )"
"ASV709",0,"Bacteria","Firmicutes","Clostridia","Lachnospirales","Lachnospiraceae","[Eubacterium] oxidoreducens group",301.5,"Stress Post","ASV709  ( Lachnospiraceae )"
"ASV777",0,"Bacteria","Proteobacteria","Gammaproteobacteria","Enterobacterales","Enterobacteriaceae","Klebsiella",301.5,"Stress Pre","ASV777  ( Enterobacteriaceae )"
"ASV835",0,"Bacteria","Firmicutes","Clostridia","Clostridia vadinBB60 group",NA,NA,301.5,"Stress Post","ASV835  ( NA )"
"ASV838",0,"Bacteria","Firmicutes","Clostridia","Lachnospirales","Lachnospiraceae",NA,301.5,"Stress Pre","ASV838  ( Lachnospiraceae )"
"ASV841",0,"Bacteria","Firmicutes","Clostridia","Oscillospirales","Oscillospiraceae","Colidextribacter",301.5,"Stress Post","ASV841  ( Oscillospiraceae )"
"ASV867",0,"Bacteria","Firmicutes","Clostridia","Clostridiales","Clostridiaceae","Clostridium sensu stricto 1",301.5,"Stress Post","ASV867  ( Clostridiaceae )"
"ASV88",0,"Bacteria","Firmicutes","Clostridia","Oscillospirales","Oscillospiraceae","Colidextribacter",301.5,"Stress Post","ASV88  ( Oscillospiraceae )"
"ASV95",0,"Bacteria","Firmicutes","Clostridia","Clostridia UCG-014",NA,NA,301.5,"Stress Post","ASV95  ( NA )"
"ASV961",0,"Bacteria","Firmicutes","Bacilli","Erysipelotrichales","Erysipelatoclostridiaceae",NA,301.5,"Stress Post","ASV961  ( Erysipelatoclostridiaceae )"
"ASV97",0,"Bacteria","Firmicutes","Clostridia","Lachnospirales","Lachnospiraceae","Lachnospiraceae UCG-001",301.5,"Stress Post","ASV97  ( Lachnospiraceae )"
