"OTU","Mucin.Mean.Decrease.Gini","Kingdom","Phylum","Class","Order","Family","Genus","Mucin.RF.Rank","Enrichment.Mucin","ASV.Family"
"ASV85",0.310879487179487,"Bacteria","Bacteroidota","Bacteroidia","Bacteroidales","Rikenellaceae","Alistipes",1,"Stress + Mucin","ASV85  ( Rikenellaceae )"
"ASV63",0.276094444444444,"Bacteria","Firmicutes","Clostridia","Lachnospirales","Lachnospiraceae","Lachnospiraceae NK4A136 group",2,"Stress Alone","ASV63  ( Lachnospiraceae )"
"ASV176",0.263729148629149,"Bacteria","Firmicutes","Clostridia","Lachnospirales","Lachnospiraceae","Lachnospiraceae NK4A136 group",3,"Stress Alone","ASV176  ( Lachnospiraceae )"
"ASV186",0.23795303030303,"Bacteria","Firmicutes","Clostridia","Lachnospirales","Lachnospiraceae","Tuzzerella",4,"Stress + Mucin","ASV186  ( Lachnospiraceae )"
"ASV49",0.23476911976912,"Bacteria","Firmicutes","Clostridia","Lachnospirales","Lachnospiraceae","Lachnospiraceae NK4A136 group",5,"Stress Alone","ASV49  ( Lachnospiraceae )"
"ASV105",0.206529292929293,"Bacteria","Bacteroidota","Bacteroidia","Bacteroidales","Muribaculaceae","Muribaculum",6,"Stress + Mucin","ASV105  ( Muribaculaceae )"
"ASV129",0.185585425685426,"Bacteria","Firmicutes","Clostridia","Lachnospirales","Lachnospiraceae","Lachnoclostridium",7,"Stress Alone","ASV129  ( Lachnospiraceae )"
"ASV259",0.184161111111111,"Bacteria","Firmicutes","Bacilli","Erysipelotrichales","Erysipelatoclostridiaceae","Erysipelatoclostridium",8,"Stress Alone","ASV259  ( Erysipelatoclostridiaceae )"
"ASV87",0.172537229437229,"Bacteria","Bacteroidota","Bacteroidia","Bacteroidales","Muribaculaceae",NA,9,"Stress + Mucin","ASV87  ( Muribaculaceae )"
"ASV288",0.144450865800866,"Bacteria","Firmicutes","Clostridia","Lachnospirales","Lachnospiraceae","GCA-900066575",10,"Stress Alone","ASV288  ( Lachnospiraceae )"
"ASV312",0.129880158730159,"Bacteria","Firmicutes","Clostridia","Lachnospirales","Lachnospiraceae",NA,11,"Stress Alone","ASV312  ( Lachnospiraceae )"
"ASV66",0.129071500721501,"Bacteria","Firmicutes","Clostridia","Lachnospirales","Lachnospiraceae",NA,12,"Stress + Mucin","ASV66  ( Lachnospiraceae )"
"ASV397",0.117912698412698,"Bacteria","Bacteroidota","Bacteroidia","Bacteroidales","Muribaculaceae",NA,13,"Stress Alone","ASV397  ( Muribaculaceae )"
"ASV104",0.109223015873016,"Bacteria","Firmicutes","Clostridia","Lachnospirales","Lachnospiraceae",NA,14,"Stress Alone","ASV104  ( Lachnospiraceae )"
"ASV136",0.105865873015873,"Bacteria","Firmicutes","Clostridia","Lachnospirales","Lachnospiraceae",NA,15,"Stress Alone","ASV136  ( Lachnospiraceae )"
"ASV113",0.100663636363636,"Bacteria","Firmicutes","Clostridia","Lachnospirales","Lachnospiraceae","Lachnospiraceae NK4A136 group",16,"Stress Alone","ASV113  ( Lachnospiraceae )"
"ASV61",0.0971325396825397,"Bacteria","Firmicutes","Clostridia","Lachnospirales","Lachnospiraceae","Lachnospiraceae NK4A136 group",17,"Stress Alone","ASV61  ( Lachnospiraceae )"
"ASV233",0.0925540404040404,"Bacteria","Firmicutes","Clostridia","Lachnospirales","Lachnospiraceae",NA,18,"Stress Alone","ASV233  ( Lachnospiraceae )"
"ASV218",0.0912004107004107,"Bacteria","Bacteroidota","Bacteroidia","Bacteroidales","Muribaculaceae",NA,19,"Stress Alone","ASV218  ( Muribaculaceae )"
"ASV78",0.09095,"Bacteria","Firmicutes","Clostridia","Lachnospirales","Lachnospiraceae","Tyzzerella",20,"Stress Alone","ASV78  ( Lachnospiraceae )"
"ASV197",0.0758032467532468,"Bacteria","Firmicutes","Clostridia","Oscillospirales","Ruminococcaceae","Incertae Sedis",21,"Stress Alone","ASV197  ( Ruminococcaceae )"
"ASV341",0.0745919913419913,"Bacteria","Firmicutes","Clostridia","Lachnospirales","Lachnospiraceae",NA,22,"Stress Alone","ASV341  ( Lachnospiraceae )"
"ASV57",0.073897619047619,"Bacteria","Bacteroidota","Bacteroidia","Bacteroidales","Muribaculaceae",NA,23,"Stress Alone","ASV57  ( Muribaculaceae )"
"ASV437",0.0723134920634921,"Bacteria","Firmicutes","Clostridia","Oscillospirales","Oscillospiraceae","Colidextribacter",24,"Stress Alone","ASV437  ( Oscillospiraceae )"
"ASV131",0.0689444444444445,"Bacteria","Bacteroidota","Bacteroidia","Bacteroidales","Muribaculaceae",NA,25,"Stress Alone","ASV131  ( Muribaculaceae )"
"ASV58",0.0689333333333333,"Bacteria","Bacteroidota","Bacteroidia","Bacteroidales","Muribaculaceae",NA,26,"Stress + Mucin","ASV58  ( Muribaculaceae )"
"ASV81",0.0664262626262626,"Bacteria","Firmicutes","Clostridia","Lachnospirales","Lachnospiraceae","Lachnospiraceae UCG-001",27,"Stress Alone","ASV81  ( Lachnospiraceae )"
"ASV141",0.0654468253968254,"Bacteria","Bacteroidota","Bacteroidia","Bacteroidales","Marinifilaceae","Odoribacter",28,"Stress + Mucin","ASV141  ( Marinifilaceae )"
"ASV146",0.0613292929292929,"Bacteria","Firmicutes","Clostridia","Lachnospirales","Lachnospiraceae","Lachnoclostridium",29,"Stress Alone","ASV146  ( Lachnospiraceae )"
"ASV159",0.0598786435786436,"Bacteria","Firmicutes","Clostridia","Lachnospirales","Lachnospiraceae","Lachnospiraceae UCG-001",30,"Stress Alone","ASV159  ( Lachnospiraceae )"
"ASV139",0.0596944444444445,"Bacteria","Firmicutes","Clostridia","Clostridiales","Clostridiaceae","Candidatus Arthromitus",31,"Stress + Mucin","ASV139  ( Clostridiaceae )"
"ASV675",0.0544925907425907,"Bacteria","Actinobacteriota","Coriobacteriia","Coriobacteriales","Eggerthellaceae","Enterorhabdus",32,"Stress + Mucin","ASV675  ( Eggerthellaceae )"
"ASV137",0.053831746031746,"Bacteria","Firmicutes","Clostridia","Oscillospirales","Oscillospiraceae",NA,33,"Stress Alone","ASV137  ( Oscillospiraceae )"
"ASV79",0.052952380952381,"Bacteria","Firmicutes","Clostridia","Lachnospirales","Lachnospiraceae",NA,34,"Stress Alone","ASV79  ( Lachnospiraceae )"
"ASV301",0.0516976190476191,"Bacteria","Firmicutes","Clostridia","Oscillospirales","Oscillospiraceae",NA,35,"Stress + Mucin","ASV301  ( Oscillospiraceae )"
"ASV252",0.0487388888888889,"Bacteria","Firmicutes","Clostridia","Clostridia UCG-014",NA,NA,36,"Stress + Mucin","ASV252  ( NA )"
"ASV450",0.0485598845598846,"Bacteria","Firmicutes","Clostridia","Clostridia UCG-014",NA,NA,37,"Stress Alone","ASV450  ( NA )"
"ASV165",0.0472802308802309,"Bacteria","Firmicutes","Clostridia","Lachnospirales","Lachnospiraceae",NA,38,"Stress Alone","ASV165  ( Lachnospiraceae )"
"ASV65",0.0458777777777778,"Bacteria","Firmicutes","Clostridia","Lachnospirales","Lachnospiraceae","Lachnospiraceae FCS020 group",39,"Stress Alone","ASV65  ( Lachnospiraceae )"
"ASV264",0.0451171717171717,"Bacteria","Firmicutes","Bacilli","Erysipelotrichales","Erysipelotrichaceae",NA,40,"Stress Alone","ASV264  ( Erysipelotrichaceae )"
"ASV497",0.0449953102453102,"Bacteria","Firmicutes","Clostridia","Peptostreptococcales-Tissierellales","Anaerovoracaceae","[Eubacterium] brachy group",41,"Stress Alone","ASV497  ( Anaerovoracaceae )"
"ASV279",0.0447953102453102,"Bacteria","Firmicutes","Clostridia","Lachnospirales","Lachnospiraceae",NA,42,"Stress + Mucin","ASV279  ( Lachnospiraceae )"
"ASV350",0.0447705627705628,"Bacteria","Firmicutes","Clostridia","Clostridia vadinBB60 group",NA,NA,43,"Stress + Mucin","ASV350  ( NA )"
"ASV248",0.0431328282828283,"Bacteria","Bacteroidota","Bacteroidia","Bacteroidales","Muribaculaceae","Muribaculum",44,"Stress + Mucin","ASV248  ( Muribaculaceae )"
"ASV353",0.0383274891774892,"Bacteria","Firmicutes","Clostridia","Lachnospirales","Lachnospiraceae",NA,45,"Stress + Mucin","ASV353  ( Lachnospiraceae )"
"ASV147",0.0367666666666667,"Bacteria","Firmicutes","Clostridia","Lachnospirales","Lachnospiraceae",NA,46,"Stress Alone","ASV147  ( Lachnospiraceae )"
"ASV89",0.0366580808080808,"Bacteria","Firmicutes","Clostridia","Lachnospirales","Lachnospiraceae","Lachnospiraceae NK4A136 group",47,"Stress + Mucin","ASV89  ( Lachnospiraceae )"
"ASV10",0.0362435786435786,"Bacteria","Firmicutes","Bacilli","Lactobacillales","Lactobacillaceae","Ligilactobacillus",48,"Stress Alone","ASV10  ( Lactobacillaceae )"
"ASV212",0.0346277777777778,"Bacteria","Firmicutes","Clostridia","Lachnospirales","Lachnospiraceae","Lachnospiraceae UCG-006",49,"Stress + Mucin","ASV212  ( Lachnospiraceae )"
"ASV145",0.0330992784992785,"Bacteria","Firmicutes","Clostridia","Oscillospirales","Oscillospiraceae","Oscillibacter",50,"Stress Alone","ASV145  ( Oscillospiraceae )"
"ASV205",0.032990404040404,"Bacteria","Firmicutes","Clostridia","Monoglobales","Monoglobaceae","Monoglobus",51,"Stress + Mucin","ASV205  ( Monoglobaceae )"
"ASV19",0.0315151515151515,"Bacteria","Firmicutes","Clostridia","Oscillospirales","Oscillospiraceae","Oscillibacter",52,"Stress + Mucin","ASV19  ( Oscillospiraceae )"
"ASV88",0.03085,"Bacteria","Firmicutes","Clostridia","Oscillospirales","Oscillospiraceae","Colidextribacter",53,"Stress Alone","ASV88  ( Oscillospiraceae )"
"ASV126",0.0306834776334776,"Bacteria","Bacteroidota","Bacteroidia","Bacteroidales","Rikenellaceae","Alistipes",54,"Stress + Mucin","ASV126  ( Rikenellaceae )"
"ASV26",0.0303737373737374,"Bacteria","Firmicutes","Clostridia","Lachnospirales","Lachnospiraceae","Lachnoclostridium",55,"Stress Alone","ASV26  ( Lachnospiraceae )"
"ASV223",0.0294707070707071,"Bacteria","Firmicutes","Clostridia","Oscillospirales","Ruminococcaceae","Anaerotruncus",56,"Stress Alone","ASV223  ( Ruminococcaceae )"
"ASV266",0.02915,"Bacteria","Firmicutes","Bacilli","Erysipelotrichales","Erysipelotrichaceae",NA,57,"Stress + Mucin","ASV266  ( Erysipelotrichaceae )"
"ASV448",0.0289142857142857,"Bacteria","Firmicutes","Clostridia","Oscillospirales","Oscillospiraceae","Intestinimonas",58,"Stress Alone","ASV448  ( Oscillospiraceae )"
"ASV91",0.02885,"Bacteria","Firmicutes","Clostridia","Lachnospirales","Lachnospiraceae",NA,59,"Stress + Mucin","ASV91  ( Lachnospiraceae )"
"ASV33",0.0284850427350427,"Bacteria","Firmicutes","Clostridia","Lachnospirales","Lachnospiraceae","Lachnospiraceae NK4A136 group",60,"Stress Alone","ASV33  ( Lachnospiraceae )"
"ASV250",0.0280508658008658,"Bacteria","Firmicutes","Clostridia","Lachnospirales","Lachnospiraceae",NA,61,"Stress Alone","ASV250  ( Lachnospiraceae )"
"ASV270",0.0267746031746032,"Bacteria","Firmicutes","Clostridia","Lachnospirales","Lachnospiraceae",NA,62,"Stress Alone","ASV270  ( Lachnospiraceae )"
"ASV414",0.0262372294372294,"Bacteria","Firmicutes","Clostridia","Lachnospirales","Lachnospiraceae","Roseburia",63,"Stress Alone","ASV414  ( Lachnospiraceae )"
"ASV349",0.0253777777777778,"Bacteria","Firmicutes","Clostridia","Oscillospirales","Ruminococcaceae",NA,64,"Stress Alone","ASV349  ( Ruminococcaceae )"
"ASV203",0.0243912698412698,"Bacteria","Firmicutes","Clostridia","Lachnospirales","Lachnospiraceae",NA,65,"Stress + Mucin","ASV203  ( Lachnospiraceae )"
"ASV121",0.0226242424242424,"Bacteria","Firmicutes","Clostridia","Lachnospirales","Lachnospiraceae",NA,66,"Stress Alone","ASV121  ( Lachnospiraceae )"
"ASV67",0.0221579365079365,"Bacteria","Firmicutes","Clostridia","Lachnospirales","Lachnospiraceae","Lachnospiraceae NK4A136 group",67,"Stress Alone","ASV67  ( Lachnospiraceae )"
"ASV82",0.0221333333333333,"Bacteria","Firmicutes","Clostridia","Lachnospirales","Lachnospiraceae","Lachnospiraceae NK4A136 group",68,"Stress Alone","ASV82  ( Lachnospiraceae )"
"ASV315",0.0215690476190476,"Bacteria","Firmicutes","Clostridia","Oscillospirales","Oscillospiraceae","Oscillibacter",69,"Stress Alone","ASV315  ( Oscillospiraceae )"
"ASV171",0.0213772727272727,"Bacteria","Firmicutes","Clostridia","Lachnospirales","Lachnospiraceae",NA,70,"Stress Alone","ASV171  ( Lachnospiraceae )"
"ASV295",0.0212777777777778,"Bacteria","Firmicutes","Clostridia","Oscillospirales","Oscillospiraceae","Oscillibacter",71,"Stress Alone","ASV295  ( Oscillospiraceae )"
"ASV202",0.0209262626262626,"Bacteria","Firmicutes","Clostridia","Clostridia vadinBB60 group",NA,NA,72,"Stress + Mucin","ASV202  ( NA )"
"ASV101",0.0208722222222222,"Bacteria","Firmicutes","Clostridia","Oscillospirales","Oscillospiraceae","Colidextribacter",73,"Stress Alone","ASV101  ( Oscillospiraceae )"
"ASV35",0.0206548562548563,"Bacteria","Bacteroidota","Bacteroidia","Bacteroidales","Muribaculaceae",NA,74,"Stress Alone","ASV35  ( Muribaculaceae )"
"ASV207",0.0204214285714286,"Bacteria","Firmicutes","Bacilli","RF39",NA,NA,75,"Stress Alone","ASV207  ( NA )"
"ASV304",0.0196166666666667,"Bacteria","Firmicutes","Bacilli","RF39",NA,NA,76,"Stress + Mucin","ASV304  ( NA )"
"ASV253",0.0196031746031746,"Bacteria","Firmicutes","Clostridia","Lachnospirales","Lachnospiraceae","Acetatifactor",77,"Stress Alone","ASV253  ( Lachnospiraceae )"
"ASV320",0.0194666666666667,"Bacteria","Firmicutes","Clostridia","Lachnospirales","Lachnospiraceae",NA,78,"Stress Alone","ASV320  ( Lachnospiraceae )"
"ASV247",0.0193738095238095,"Bacteria","Firmicutes","Clostridia","Lachnospirales","Lachnospiraceae","Lachnospiraceae UCG-006",79,"Stress Alone","ASV247  ( Lachnospiraceae )"
"ASV93",0.0192587301587302,"Bacteria","Bacteroidota","Bacteroidia","Bacteroidales","Rikenellaceae","Alistipes",80,"Stress + Mucin","ASV93  ( Rikenellaceae )"
"ASV390",0.0184671717171717,"Bacteria","Firmicutes","Clostridia","Lachnospirales","Lachnospiraceae","GCA-900066575",81,"Stress Alone","ASV390  ( Lachnospiraceae )"
"ASV484",0.01825,"Bacteria","Firmicutes","Clostridia","Clostridia vadinBB60 group",NA,NA,82,"Stress + Mucin","ASV484  ( NA )"
"ASV20",0.0180512043512044,"Bacteria","Bacteroidota","Bacteroidia","Bacteroidales","Muribaculaceae",NA,83,"Stress Alone","ASV20  ( Muribaculaceae )"
"ASV28",0.017719696969697,"Bacteria","Bacteroidota","Bacteroidia","Bacteroidales","Muribaculaceae",NA,84,"Stress Alone","ASV28  ( Muribaculaceae )"
"ASV433",0.0176888888888889,"Bacteria","Firmicutes","Clostridia","Christensenellales","Christensenellaceae",NA,85,"Stress + Mucin","ASV433  ( Christensenellaceae )"
"ASV244",0.0168198412698413,"Bacteria","Firmicutes","Clostridia","Lachnospirales","Lachnospiraceae","A2",86,"Stress Alone","ASV244  ( Lachnospiraceae )"
"ASV51",0.016640404040404,"Bacteria","Firmicutes","Clostridia","Lachnospirales","Lachnospiraceae","Lachnospiraceae NK4A136 group",87,"Stress + Mucin","ASV51  ( Lachnospiraceae )"
"ASV228",0.0162944444444444,"Bacteria","Firmicutes","Clostridia","Lachnospirales","Lachnospiraceae","Lachnospiraceae NK4A136 group",88,"Stress + Mucin","ASV228  ( Lachnospiraceae )"
"ASV92",0.0159777777777778,"Bacteria","Bacteroidota","Bacteroidia","Bacteroidales","Muribaculaceae",NA,89,"Stress Alone","ASV92  ( Muribaculaceae )"
"ASV285",0.0157333333333333,"Bacteria","Firmicutes","Clostridia","Lachnospirales","Lachnospiraceae","Lachnoclostridium",90,"Stress + Mucin","ASV285  ( Lachnospiraceae )"
"ASV415",0.0156190476190476,"Bacteria","Firmicutes","Clostridia","Oscillospirales","Oscillospiraceae","Colidextribacter",91,"Stress Alone","ASV415  ( Oscillospiraceae )"
"ASV32",0.0152333333333333,"Bacteria","Firmicutes","Clostridia","Oscillospirales","Oscillospiraceae",NA,92,"Stress Alone","ASV32  ( Oscillospiraceae )"
"ASV182",0.0147,"Bacteria","Firmicutes","Clostridia","Lachnospirales","Lachnospiraceae",NA,93,"Stress Alone","ASV182  ( Lachnospiraceae )"
"ASV124",0.0146666666666667,"Bacteria","Firmicutes","Clostridia","Lachnospirales","Lachnospiraceae","Lachnospiraceae NK4A136 group",94,"Stress + Mucin","ASV124  ( Lachnospiraceae )"
"ASV371",0.0146333333333333,"Bacteria","Actinobacteriota","Coriobacteriia","Coriobacteriales","Eggerthellaceae","Enterorhabdus",95,"Stress Alone","ASV371  ( Eggerthellaceae )"
"ASV224",0.01445,"Bacteria","Firmicutes","Clostridia","Lachnospirales","Lachnospiraceae","Lachnospiraceae UCG-001",96,"Stress Alone","ASV224  ( Lachnospiraceae )"
"ASV307",0.0144205128205128,"Bacteria","Firmicutes","Clostridia","Oscillospirales","Oscillospiraceae",NA,97,"Stress + Mucin","ASV307  ( Oscillospiraceae )"
"ASV372",0.0144,"Bacteria","Firmicutes","Clostridia","Oscillospirales","Oscillospiraceae",NA,98,"Stress + Mucin","ASV372  ( Oscillospiraceae )"
"ASV110",0.0138666666666667,"Bacteria","Firmicutes","Clostridia","Lachnospirales","Lachnospiraceae","Lachnospiraceae NK4A136 group",99,"Stress Alone","ASV110  ( Lachnospiraceae )"
"ASV17",0.0138595238095238,"Bacteria","Bacteroidota","Bacteroidia","Bacteroidales","Muribaculaceae",NA,100,"Stress Alone","ASV17  ( Muribaculaceae )"
"ASV234",0.0137222222222222,"Bacteria","Firmicutes","Bacilli","RF39",NA,NA,101,"Stress Alone","ASV234  ( NA )"
"ASV385",0.0136944444444444,"Bacteria","Firmicutes","Clostridia","Oscillospirales","Oscillospiraceae","Oscillibacter",102,"Stress Alone","ASV385  ( Oscillospiraceae )"
"ASV327",0.0135111111111111,"Bacteria","Firmicutes","Clostridia","Clostridia vadinBB60 group",NA,NA,103,"Stress + Mucin","ASV327  ( NA )"
"ASV107",0.0133333333333333,"Bacteria","Firmicutes","Clostridia","Lachnospirales","Lachnospiraceae","GCA-900066575",104,"Stress Alone","ASV107  ( Lachnospiraceae )"
"ASV56",0.0132568764568765,"Bacteria","Bacteroidota","Bacteroidia","Bacteroidales","Muribaculaceae",NA,105,"Stress + Mucin","ASV56  ( Muribaculaceae )"
"ASV204",0.013018253968254,"Bacteria","Firmicutes","Clostridia","Lachnospirales","Lachnospiraceae","Lachnospiraceae FCS020 group",106,"Stress + Mucin","ASV204  ( Lachnospiraceae )"
"ASV42",0.012952380952381,"Bacteria","Firmicutes","Clostridia","Lachnospirales","Lachnospiraceae","[Eubacterium] ventriosum group",107,"Stress Alone","ASV42  ( Lachnospiraceae )"
"ASV242",0.0127828282828283,"Bacteria","Firmicutes","Clostridia","Lachnospirales","Lachnospiraceae","Lachnospiraceae UCG-004",108,"Stress + Mucin","ASV242  ( Lachnospiraceae )"
"ASV237",0.0126857142857143,"Bacteria","Firmicutes","Bacilli","RF39",NA,NA,109,"Stress Alone","ASV237  ( NA )"
"ASV195",0.0126429292929293,"Bacteria","Firmicutes","Clostridia","Oscillospirales","UCG-010",NA,110,"Stress + Mucin","ASV195  ( UCG-010 )"
"ASV43",0.0124690476190476,"Bacteria","Firmicutes","Clostridia","Lachnospirales","Lachnospiraceae",NA,111,"Stress + Mucin","ASV43  ( Lachnospiraceae )"
"ASV191",0.0123348484848485,"Bacteria","Firmicutes","Clostridia","Lachnospirales","Lachnospiraceae","Lachnoclostridium",112,"Stress + Mucin","ASV191  ( Lachnospiraceae )"
"ASV217",0.0123151515151515,"Bacteria","Firmicutes","Clostridia","Lachnospirales","Lachnospiraceae",NA,113,"Stress + Mucin","ASV217  ( Lachnospiraceae )"
"ASV619",0.0120666666666667,"Bacteria","Firmicutes","Clostridia","Lachnospirales","Lachnospiraceae","Lachnospiraceae UCG-006",114,"Stress + Mucin","ASV619  ( Lachnospiraceae )"
"ASV55",0.0119,"Bacteria","Firmicutes","Clostridia","Lachnospirales","Lachnospiraceae",NA,115,"Stress Alone","ASV55  ( Lachnospiraceae )"
"ASV296",0.011830303030303,"Bacteria","Firmicutes","Clostridia","Lachnospirales","Lachnospiraceae",NA,116,"Stress Alone","ASV296  ( Lachnospiraceae )"
"ASV198",0.0117651515151515,"Bacteria","Firmicutes","Clostridia","Lachnospirales","Lachnospiraceae",NA,117,"Stress Alone","ASV198  ( Lachnospiraceae )"
"ASV161",0.0116412698412698,"Bacteria","Firmicutes","Clostridia","Lachnospirales","Lachnospiraceae",NA,118,"Stress + Mucin","ASV161  ( Lachnospiraceae )"
"ASV135",0.0115555555555556,"Bacteria","Firmicutes","Clostridia","Lachnospirales","Lachnospiraceae","ASF356",119,"Stress + Mucin","ASV135  ( Lachnospiraceae )"
"ASV152",0.0115181818181818,"Bacteria","Firmicutes","Clostridia","Lachnospirales","Lachnospiraceae",NA,120,"Stress Alone","ASV152  ( Lachnospiraceae )"
"ASV745",0.0115,"Bacteria","Firmicutes","Bacilli","RF39",NA,NA,121,"Stress Alone","ASV745  ( NA )"
"ASV62",0.0114,"Bacteria","Firmicutes","Bacilli","Lactobacillales","Lactobacillaceae","Ligilactobacillus",122,"Stress Alone","ASV62  ( Lactobacillaceae )"
"ASV265",0.0113777777777778,"Bacteria","Firmicutes","Clostridia","Oscillospirales","Oscillospiraceae","Intestinimonas",123,"Stress Alone","ASV265  ( Oscillospiraceae )"
"ASV125",0.0106920634920635,"Bacteria","Firmicutes","Clostridia","Lachnospirales","Lachnospiraceae","Marvinbryantia",124,"Stress + Mucin","ASV125  ( Lachnospiraceae )"
"ASV408",0.0105142857142857,"Bacteria","Firmicutes","Clostridia","Lachnospirales","Lachnospiraceae",NA,125,"Stress + Mucin","ASV408  ( Lachnospiraceae )"
"ASV268",0.0104857142857143,"Bacteria","Firmicutes","Clostridia","Oscillospirales","Ruminococcaceae",NA,126,"Stress Alone","ASV268  ( Ruminococcaceae )"
"ASV96",0.0104253968253968,"Bacteria","Firmicutes","Clostridia","Lachnospirales","Lachnospiraceae",NA,127,"Stress Alone","ASV96  ( Lachnospiraceae )"
"ASV117",0.0100606060606061,"Bacteria","Firmicutes","Clostridia","Oscillospirales","Oscillospiraceae",NA,128,"Stress + Mucin","ASV117  ( Oscillospiraceae )"
"ASV383",0.00975,"Bacteria","Firmicutes","Clostridia","Lachnospirales","Lachnospiraceae","Lachnoclostridium",129,"Stress + Mucin","ASV383  ( Lachnospiraceae )"
"ASV200",0.0096969696969697,"Bacteria","Firmicutes","Clostridia","Lachnospirales","Lachnospiraceae",NA,130,"Stress + Mucin","ASV200  ( Lachnospiraceae )"
"ASV116",0.00948888888888889,"Bacteria","Firmicutes","Clostridia","Lachnospirales","Lachnospiraceae","[Eubacterium] xylanophilum group",131,"Stress Alone","ASV116  ( Lachnospiraceae )"
"ASV211",0.00924444444444444,"Bacteria","Firmicutes","Clostridia","Lachnospirales","Lachnospiraceae",NA,132,"Stress Alone","ASV211  ( Lachnospiraceae )"
"ASV11",0.00921666666666667,"Bacteria","Bacteroidota","Bacteroidia","Bacteroidales","Muribaculaceae",NA,133.5,"Stress Alone","ASV11  ( Muribaculaceae )"
"ASV130",0.00921666666666667,"Bacteria","Firmicutes","Clostridia","Oscillospirales","Butyricicoccaceae","UCG-009",133.5,"Stress Alone","ASV130  ( Butyricicoccaceae )"
"ASV46",0.0091959595959596,"Bacteria","Firmicutes","Bacilli","Acholeplasmatales","Acholeplasmataceae","Anaeroplasma",135,"Stress + Mucin","ASV46  ( Acholeplasmataceae )"
"ASV23",0.00906666666666667,"Bacteria","Firmicutes","Clostridia","Oscillospirales","Ruminococcaceae","Ruminococcus",136,"Stress Alone","ASV23  ( Ruminococcaceae )"
"ASV293",0.00905,"Bacteria","Firmicutes","Clostridia","Lachnospirales","Lachnospiraceae",NA,137,"Stress + Mucin","ASV293  ( Lachnospiraceae )"
"ASV156",0.00886666666666667,"Bacteria","Firmicutes","Clostridia","Lachnospirales","Lachnospiraceae",NA,138,"Stress Alone","ASV156  ( Lachnospiraceae )"
"ASV489",0.00886428571428571,"Bacteria","Firmicutes","Clostridia","Oscillospirales","Oscillospiraceae","UCG-005",139,"Stress Alone","ASV489  ( Oscillospiraceae )"
"ASV236",0.00882051282051282,"Bacteria","Firmicutes","Clostridia","Peptostreptococcales-Tissierellales","Anaerovoracaceae","[Eubacterium] brachy group",140,"Stress + Mucin","ASV236  ( Anaerovoracaceae )"
"ASV272",0.0088,"Bacteria","Firmicutes","Clostridia","Clostridia UCG-014",NA,NA,141,"Stress + Mucin","ASV272  ( NA )"
"ASV196",0.00878246753246753,"Bacteria","Firmicutes","Clostridia","Oscillospirales","Oscillospiraceae",NA,142,"Stress Alone","ASV196  ( Oscillospiraceae )"
"ASV123",0.0085,"Bacteria","Firmicutes","Clostridia","Lachnospirales","Lachnospiraceae","Marvinbryantia",143,"Stress + Mucin","ASV123  ( Lachnospiraceae )"
"ASV317",0.00843181818181818,"Bacteria","Firmicutes","Clostridia","Clostridia UCG-014",NA,NA,144,"Stress + Mucin","ASV317  ( NA )"
"ASV6",0.00834285714285714,"Bacteria","Bacteroidota","Bacteroidia","Bacteroidales","Muribaculaceae",NA,145,"Stress Alone","ASV6  ( Muribaculaceae )"
"ASV319",0.00826666666666667,"Bacteria","Firmicutes","Clostridia","Clostridia vadinBB60 group",NA,NA,146,"Stress Alone","ASV319  ( NA )"
"ASV34",0.00823333333333333,"Bacteria","Firmicutes","Clostridia","Lachnospirales","Lachnospiraceae","Lachnospiraceae NK4A136 group",147,"Stress Alone","ASV34  ( Lachnospiraceae )"
"ASV183",0.00821666666666667,"Bacteria","Firmicutes","Clostridia","Oscillospirales","Oscillospiraceae","Colidextribacter",148,"Stress + Mucin","ASV183  ( Oscillospiraceae )"
"ASV360",0.00811111111111111,"Bacteria","Firmicutes","Clostridia","Oscillospirales","Oscillospiraceae","Colidextribacter",149,"Stress Alone","ASV360  ( Oscillospiraceae )"
"ASV358",0.00772380952380952,"Bacteria","Firmicutes","Clostridia","Lachnospirales","Lachnospiraceae","Lachnoclostridium",150,"Stress + Mucin","ASV358  ( Lachnospiraceae )"
"ASV263",0.00751666666666667,"Bacteria","Firmicutes","Clostridia","Clostridia UCG-014",NA,NA,151,"Stress Alone","ASV263  ( NA )"
"ASV100",0.00746666666666667,"Bacteria","Firmicutes","Bacilli","Staphylococcales","Staphylococcaceae","Staphylococcus",154,"Stress + Mucin","ASV100  ( Staphylococcaceae )"
"ASV103",0.00746666666666667,"Bacteria","Firmicutes","Clostridia","Oscillospirales","Oscillospiraceae","Colidextribacter",154,"Stress Alone","ASV103  ( Oscillospiraceae )"
"ASV219",0.00746666666666667,"Bacteria","Firmicutes","Clostridia","Lachnospirales","Lachnospiraceae",NA,154,"Stress + Mucin","ASV219  ( Lachnospiraceae )"
"ASV227",0.00746666666666667,"Bacteria","Firmicutes","Bacilli","RF39",NA,NA,154,"Stress Alone","ASV227  ( NA )"
"ASV274",0.00746666666666667,"Bacteria","Firmicutes","Clostridia","Clostridia UCG-014",NA,NA,154,"Stress + Mucin","ASV274  ( NA )"
"ASV347",0.0074031746031746,"Bacteria","Actinobacteriota","Coriobacteriia","Coriobacteriales","Eggerthellaceae","Enterorhabdus",157,"Stress Alone","ASV347  ( Eggerthellaceae )"
"ASV267",0.00723333333333333,"Bacteria","Firmicutes","Clostridia","Lachnospirales","Lachnospiraceae",NA,158,"Stress Alone","ASV267  ( Lachnospiraceae )"
"ASV90",0.00718484848484848,"Bacteria","Firmicutes","Clostridia","Lachnospirales","Lachnospiraceae","Lachnospiraceae NK4A136 group",159,"Stress + Mucin","ASV90  ( Lachnospiraceae )"
"ASV363",0.00694615384615385,"Bacteria","Firmicutes","Clostridia","Oscillospirales","Oscillospiraceae","NK4A214 group",160,"Stress + Mucin","ASV363  ( Oscillospiraceae )"
"ASV64",0.00691111111111111,"Bacteria","Firmicutes","Clostridia","Lachnospirales","Lachnospiraceae","Marvinbryantia",161,"Stress + Mucin","ASV64  ( Lachnospiraceae )"
"ASV16",0.00671428571428571,"Bacteria","Verrucomicrobiota","Verrucomicrobiae","Verrucomicrobiales","Akkermansiaceae","Akkermansia",162,"Stress Alone","ASV16  ( Akkermansiaceae )"
"ASV70",0.0066,"Bacteria","Firmicutes","Clostridia","Lachnospirales","Lachnospiraceae","Marvinbryantia",163,"Stress Alone","ASV70  ( Lachnospiraceae )"
"ASV255",0.00658333333333333,"Bacteria","Firmicutes","Clostridia","Lachnospirales","Lachnospiraceae",NA,164,"Stress Alone","ASV255  ( Lachnospiraceae )"
"ASV325",0.00655,"Bacteria","Firmicutes","Clostridia","Oscillospirales","Ruminococcaceae","Incertae Sedis",165,"Stress + Mucin","ASV325  ( Ruminococcaceae )"
"ASV75",0.00641666666666667,"Bacteria","Firmicutes","Clostridia","Lachnospirales","Lachnospiraceae","Lachnospiraceae NK4A136 group",166,"Stress + Mucin","ASV75  ( Lachnospiraceae )"
"ASV299",0.00606984126984127,"Bacteria","Firmicutes","Clostridia","Lachnospirales","Lachnospiraceae",NA,167,"Stress Alone","ASV299  ( Lachnospiraceae )"
"ASV12",0.00602222222222222,"Bacteria","Bacteroidota","Bacteroidia","Bacteroidales","Muribaculaceae",NA,168,"Stress + Mucin","ASV12  ( Muribaculaceae )"
"ASV36",0.00601666666666667,"Bacteria","Firmicutes","Bacilli","RF39",NA,NA,169,"Stress Alone","ASV36  ( NA )"
"ASV192",0.00593333333333333,"Bacteria","Firmicutes","Clostridia","Lachnospirales","Lachnospiraceae","Lachnoclostridium",170,"Stress Alone","ASV192  ( Lachnospiraceae )"
"ASV424",0.00577342657342657,"Bacteria","Firmicutes","Clostridia","Oscillospirales","Oscillospiraceae","Intestinimonas",171,"Stress + Mucin","ASV424  ( Oscillospiraceae )"
"ASV230",0.00571666666666667,"Bacteria","Firmicutes","Clostridia","Lachnospirales","Lachnospiraceae",NA,172.5,"Stress + Mucin","ASV230  ( Lachnospiraceae )"
"ASV373",0.00571666666666667,"Bacteria","Firmicutes","Clostridia","Lachnospirales","Lachnospiraceae",NA,172.5,"Stress Alone","ASV373  ( Lachnospiraceae )"
"ASV691",0.00543333333333334,"Bacteria","Firmicutes","Clostridia","Oscillospirales","Ruminococcaceae","Paludicola",174,"Stress + Mucin","ASV691  ( Ruminococcaceae )"
"ASV366",0.00535064935064935,"Bacteria","Firmicutes","Clostridia","Oscillospirales","Oscillospiraceae","Oscillibacter",175,"Stress Alone","ASV366  ( Oscillospiraceae )"
"ASV80",0.00521666666666667,"Bacteria","Firmicutes","Clostridia","Lachnospirales","Lachnospiraceae","Lachnospiraceae FCS020 group",176,"Stress Alone","ASV80  ( Lachnospiraceae )"
"ASV181",0.00521428571428571,"Bacteria","Firmicutes","Clostridia","Oscillospirales","Oscillospiraceae","Intestinimonas",177,"Stress Alone","ASV181  ( Oscillospiraceae )"
"ASV453",0.00515151515151515,"Bacteria","Firmicutes","Bacilli","RF39",NA,NA,178,"Stress + Mucin","ASV453  ( NA )"
"ASV1597",0.00513246753246753,"Bacteria","Firmicutes","Clostridia","Lachnospirales","Lachnospiraceae",NA,179,"Stress Alone","ASV1597  ( Lachnospiraceae )"
"ASV94",0.00513095238095238,"Bacteria","Actinobacteriota","Actinobacteria","Bifidobacteriales","Bifidobacteriaceae","Bifidobacterium",180,"Stress Alone","ASV94  ( Bifidobacteriaceae )"
"ASV220",0.00509206349206349,"Bacteria","Firmicutes","Clostridia","Lachnospirales","Lachnospiraceae","Lachnoclostridium",181,"Stress + Mucin","ASV220  ( Lachnospiraceae )"
"ASV40",0.00501428571428572,"Bacteria","Firmicutes","Clostridia","Oscillospirales","Ruminococcaceae","Incertae Sedis",182,"Stress + Mucin","ASV40  ( Ruminococcaceae )"
"ASV185",0.005,"Bacteria","Firmicutes","Clostridia","Lachnospirales","Lachnospiraceae","Acetatifactor",183.5,"Stress + Mucin","ASV185  ( Lachnospiraceae )"
"ASV59",0.005,"Bacteria","Firmicutes","Clostridia","Oscillospirales","[Eubacterium] coprostanoligenes group",NA,183.5,"Stress Alone","ASV59  ( [Eubacterium] coprostanoligenes group )"
"ASV232",0.00493939393939394,"Bacteria","Firmicutes","Clostridia","Peptostreptococcales-Tissierellales","Anaerovoracaceae","[Eubacterium] nodatum group",185,"Stress + Mucin","ASV232  ( Anaerovoracaceae )"
"ASV45",0.00492929292929293,"Bacteria","Firmicutes","Clostridia","Lachnospirales","Lachnospiraceae","[Eubacterium] xylanophilum group",186,"Stress Alone","ASV45  ( Lachnospiraceae )"
"ASV14",0.00486666666666667,"Bacteria","Firmicutes","Clostridia","Lachnospirales","Lachnospiraceae","Lachnospiraceae NK4A136 group",187,"Stress Alone","ASV14  ( Lachnospiraceae )"
"ASV111",0.00485,"Bacteria","Firmicutes","Clostridia","Lachnospirales","Lachnospiraceae","Lachnospiraceae NK4A136 group",188,"Stress + Mucin","ASV111  ( Lachnospiraceae )"
"ASV1",0.00484848484848485,"Bacteria","Firmicutes","Bacilli","Lactobacillales","Lactobacillaceae","Lactobacillus",190,"Stress + Mucin","ASV1  ( Lactobacillaceae )"
"ASV162",0.00484848484848485,"Bacteria","Firmicutes","Clostridia","Lachnospirales","Lachnospiraceae","ASF356",190,"Stress + Mucin","ASV162  ( Lachnospiraceae )"
"ASV251",0.00484848484848485,"Bacteria","Cyanobacteria","Cyanobacteriia","Chloroplast",NA,NA,190,"Stress Alone","ASV251  ( NA )"
"ASV306",0.0048,"Bacteria","Firmicutes","Clostridia","Oscillospirales","Ruminococcaceae","Ruminococcus",192,"Stress + Mucin","ASV306  ( Ruminococcaceae )"
"ASV420",0.00470384615384615,"Bacteria","Firmicutes","Clostridia","Oscillospirales","Oscillospiraceae","Oscillibacter",193,"Stress Alone","ASV420  ( Oscillospiraceae )"
"ASV580",0.00466666666666667,"Bacteria","Firmicutes","Clostridia","Lachnospirales","Lachnospiraceae","GCA-900066575",194,"Stress Alone","ASV580  ( Lachnospiraceae )"
"ASV501",0.0046,"Bacteria","Firmicutes","Clostridia","Oscillospirales","Oscillospiraceae","Colidextribacter",195,"Stress Alone","ASV501  ( Oscillospiraceae )"
"ASV54",0.00444444444444444,"Bacteria","Firmicutes","Clostridia","Lachnospirales","Lachnospiraceae","[Eubacterium] xylanophilum group",196,"Stress + Mucin","ASV54  ( Lachnospiraceae )"
"ASV74",0.00435555555555556,"Bacteria","Firmicutes","Clostridia","Oscillospirales","Oscillospiraceae",NA,197,"Stress Alone","ASV74  ( Oscillospiraceae )"
"ASV547",0.00426666666666667,"Bacteria","Bacteroidota","Bacteroidia","Bacteroidales","Muribaculaceae",NA,198.5,"Stress + Mucin","ASV547  ( Muribaculaceae )"
"ASV548",0.00426666666666667,"Bacteria","Firmicutes","Clostridia","Lachnospirales","Lachnospiraceae","Lachnospiraceae NK4A136 group",198.5,"Stress + Mucin","ASV548  ( Lachnospiraceae )"
"ASV106",0.0042,"Bacteria","Firmicutes","Clostridia","Oscillospirales","Ruminococcaceae","Incertae Sedis",201.5,"Stress Alone","ASV106  ( Ruminococcaceae )"
"ASV189",0.0042,"Bacteria","Firmicutes","Clostridia","Oscillospirales","Butyricicoccaceae","Butyricicoccus",201.5,"Stress Alone","ASV189  ( Butyricicoccaceae )"
"ASV380",0.0042,"Bacteria","Firmicutes","Bacilli","RF39",NA,NA,201.5,"Stress Alone","ASV380  ( NA )"
"ASV462",0.0042,"Bacteria","Firmicutes","Clostridia","Lachnospirales","Lachnospiraceae",NA,201.5,"Stress Alone","ASV462  ( Lachnospiraceae )"
"ASV302",0.00411666666666667,"Bacteria","Firmicutes","Clostridia","Lachnospirales","Lachnospiraceae","Roseburia",204,"Stress Alone","ASV302  ( Lachnospiraceae )"
"ASV356",0.00375555555555556,"Bacteria","Firmicutes","Clostridia","Clostridia UCG-014",NA,NA,205,"Stress + Mucin","ASV356  ( NA )"
"ASV68",0.00375,"Bacteria","Firmicutes","Clostridia","Lachnospirales","Lachnospiraceae",NA,206,"Stress Alone","ASV68  ( Lachnospiraceae )"
"ASV506",0.00363333333333333,"Bacteria","Firmicutes","Clostridia","Clostridia UCG-014",NA,NA,207,"Stress Alone","ASV506  ( NA )"
"ASV148",0.0035959595959596,"Bacteria","Firmicutes","Clostridia","Peptococcales","Peptococcaceae",NA,208,"Stress Alone","ASV148  ( Peptococcaceae )"
"ASV537",0.00357777777777778,"Bacteria","Firmicutes","Clostridia","Peptostreptococcales-Tissierellales","Anaerovoracaceae","Family XIII AD3011 group",209,"Stress + Mucin","ASV537  ( Anaerovoracaceae )"
"ASV132",0.00356818181818182,"Bacteria","Firmicutes","Clostridia","Lachnospirales","Lachnospiraceae","Lachnoclostridium",210.5,"Stress Alone","ASV132  ( Lachnospiraceae )"
"ASV838",0.00356818181818182,"Bacteria","Firmicutes","Clostridia","Lachnospirales","Lachnospiraceae",NA,210.5,"Stress + Mucin","ASV838  ( Lachnospiraceae )"
"ASV193",0.00352777777777778,"Bacteria","Firmicutes","Clostridia","Lachnospirales","Lachnospiraceae","Lachnospiraceae NK4A136 group",212.5,"Stress Alone","ASV193  ( Lachnospiraceae )"
"ASV933",0.00352777777777778,"Bacteria","Firmicutes","Clostridia","Lachnospirales","Lachnospiraceae","Roseburia",212.5,"Stress + Mucin","ASV933  ( Lachnospiraceae )"
"ASV1731",0.00351428571428572,"Bacteria","Firmicutes","Clostridia","Oscillospirales","[Eubacterium] coprostanoligenes group",NA,214.5,"Stress Alone","ASV1731  ( [Eubacterium] coprostanoligenes group )"
"ASV284",0.00351428571428572,"Bacteria","Firmicutes","Clostridia","Lachnospirales","Lachnospiraceae",NA,214.5,"Stress + Mucin","ASV284  ( Lachnospiraceae )"
"ASV180",0.0035,"Bacteria","Firmicutes","Clostridia","Oscillospirales","Ruminococcaceae",NA,216.5,"Stress + Mucin","ASV180  ( Ruminococcaceae )"
"ASV300",0.0035,"Bacteria","Bacteroidota","Bacteroidia","Bacteroidales","Muribaculaceae",NA,216.5,"Stress + Mucin","ASV300  ( Muribaculaceae )"
"ASV629",0.00349206349206349,"Bacteria","Firmicutes","Clostridia","Lachnospirales","Lachnospiraceae",NA,218.5,"Stress Alone","ASV629  ( Lachnospiraceae )"
"ASV84",0.00349206349206349,"Bacteria","Firmicutes","Clostridia","Lachnospirales","Lachnospiraceae","Roseburia",218.5,"Stress + Mucin","ASV84  ( Lachnospiraceae )"
"ASV1053",0.00346666666666667,"Bacteria","Firmicutes","Clostridia","Oscillospirales","UCG-010",NA,220,"Stress + Mucin","ASV1053  ( UCG-010 )"
"ASV1466",0.00346428571428571,"Bacteria","Firmicutes","Clostridia","Lachnospirales","Lachnospiraceae",NA,222,"Stress Alone","ASV1466  ( Lachnospiraceae )"
"ASV807",0.00346428571428571,"Bacteria","Actinobacteriota","Coriobacteriia","Coriobacteriales","Eggerthellaceae","Enterorhabdus",222,"Stress Alone","ASV807  ( Eggerthellaceae )"
"ASV98",0.00346428571428571,"Bacteria","Firmicutes","Clostridia","Lachnospirales","Lachnospiraceae","Lachnoclostridium",222,"Stress Alone","ASV98  ( Lachnospiraceae )"
"ASV486",0.00342857142857143,"Bacteria","Firmicutes","Clostridia","Clostridia vadinBB60 group",NA,NA,224.5,"Stress + Mucin","ASV486  ( NA )"
"ASV69",0.00342857142857143,"Bacteria","Bacteroidota","Bacteroidia","Bacteroidales","Muribaculaceae",NA,224.5,"Stress Alone","ASV69  ( Muribaculaceae )"
"ASV153",0.00341666666666667,"Bacteria","Firmicutes","Bacilli","Lactobacillales","Lactobacillaceae","Lactobacillus",226,"Stress Alone","ASV153  ( Lactobacillaceae )"
"ASV310",0.00338095238095238,"Bacteria","Firmicutes","Clostridia","Lachnospirales","Lachnospiraceae",NA,227,"Stress + Mucin","ASV310  ( Lachnospiraceae )"
"ASV229",0.00327272727272727,"Bacteria","Firmicutes","Clostridia","Lachnospirales","Lachnospiraceae",NA,228,"Stress Alone","ASV229  ( Lachnospiraceae )"
"ASV1078",0.00311111111111111,"Bacteria","Actinobacteriota","Coriobacteriia","Coriobacteriales","Eggerthellaceae","Enterorhabdus",231,"Stress Alone","ASV1078  ( Eggerthellaceae )"
"ASV464",0.00311111111111111,"Bacteria","Actinobacteriota","Coriobacteriia","Coriobacteriales","Eggerthellaceae","Enterorhabdus",231,"Stress Alone","ASV464  ( Eggerthellaceae )"
"ASV510",0.00311111111111111,"Bacteria","Actinobacteriota","Coriobacteriia","Coriobacteriales","Eggerthellaceae","Parvibacter",231,"Stress Alone","ASV510  ( Eggerthellaceae )"
"ASV53",0.00311111111111111,"Bacteria","Desulfobacterota","Desulfovibrionia","Desulfovibrionales","Desulfovibrionaceae","Desulfovibrio",231,"Stress + Mucin","ASV53  ( Desulfovibrionaceae )"
"ASV776",0.00311111111111111,"Bacteria","Bacteroidota","Bacteroidia","Bacteroidales","Muribaculaceae",NA,231,"Stress + Mucin","ASV776  ( Muribaculaceae )"
"ASV60",0.003,"Bacteria","Firmicutes","Clostridia","Lachnospirales","Lachnospiraceae",NA,234,"Stress + Mucin","ASV60  ( Lachnospiraceae )"
"ASV289",0.00186666666666667,"Bacteria","Firmicutes","Clostridia","Lachnospirales","Lachnospiraceae","Lachnoclostridium",235,"Stress Alone","ASV289  ( Lachnospiraceae )"
"ASV308",0.00183333333333333,"Bacteria","Firmicutes","Clostridia","Lachnospirales","Lachnospiraceae","GCA-900066575",236.5,"Stress + Mucin","ASV308  ( Lachnospiraceae )"
"ASV509",0.00183333333333333,"Bacteria","Firmicutes","Clostridia","Oscillospirales","Oscillospiraceae","Colidextribacter",236.5,"Stress + Mucin","ASV509  ( Oscillospiraceae )"
"ASV1160",0.00181818181818182,"Bacteria","Bacteroidota","Bacteroidia","Bacteroidales","Muribaculaceae",NA,240,"Stress Alone","ASV1160  ( Muribaculaceae )"
"ASV2",0.00181818181818182,"Bacteria","Firmicutes","Bacilli","Lactobacillales","Enterococcaceae","Enterococcus",240,"Stress + Mucin","ASV2  ( Enterococcaceae )"
"ASV434",0.00181818181818182,"Bacteria","Firmicutes","Bacilli","Erysipelotrichales","Erysipelotrichaceae",NA,240,"Stress Alone","ASV434  ( Erysipelotrichaceae )"
"ASV502",0.00181818181818182,"Bacteria","Bacteroidota","Bacteroidia","Bacteroidales","Muribaculaceae",NA,240,"Stress + Mucin","ASV502  ( Muribaculaceae )"
"ASV512",0.00181818181818182,"Bacteria","Firmicutes","Clostridia","Oscillospirales","Ruminococcaceae","Harryflintia",240,"Stress Alone","ASV512  ( Ruminococcaceae )"
"ASV1123",0.0018,"Bacteria","Firmicutes","Clostridia","Oscillospirales","Oscillospiraceae",NA,247,"Stress + Mucin","ASV1123  ( Oscillospiraceae )"
"ASV1599",0.0018,"Bacteria","Firmicutes","Clostridia","Lachnospirales","Lachnospiraceae","Lachnospiraceae NK4A136 group",247,"Stress Alone","ASV1599  ( Lachnospiraceae )"
"ASV206",0.0018,"Bacteria","Firmicutes","Clostridia","Lachnospirales","Lachnospiraceae","Lachnospiraceae FCS020 group",247,"Stress + Mucin","ASV206  ( Lachnospiraceae )"
"ASV241",0.0018,"Bacteria","Firmicutes","Clostridia","Oscillospirales","Oscillospiraceae","Oscillibacter",247,"Stress + Mucin","ASV241  ( Oscillospiraceae )"
"ASV395",0.0018,"Bacteria","Firmicutes","Clostridia","Monoglobales","Monoglobaceae","Monoglobus",247,"Stress + Mucin","ASV395  ( Monoglobaceae )"
"ASV438",0.0018,"Bacteria","Firmicutes","Clostridia","Lachnospirales","Lachnospiraceae","Lachnospiraceae UCG-006",247,"Stress Alone","ASV438  ( Lachnospiraceae )"
"ASV459",0.0018,"Bacteria","Firmicutes","Clostridia","Clostridia UCG-014",NA,NA,247,"Stress + Mucin","ASV459  ( NA )"
"ASV546",0.0018,"Bacteria","Firmicutes","Clostridia","Lachnospirales","Lachnospiraceae","Tuzzerella",247,"Stress Alone","ASV546  ( Lachnospiraceae )"
"ASV680",0.0018,"Bacteria","Firmicutes","Clostridia","Lachnospirales","Lachnospiraceae",NA,247,"Stress + Mucin","ASV680  ( Lachnospiraceae )"
"ASV102",0.00177777777777778,"Bacteria","Firmicutes","Clostridia","Lachnospirales","Lachnospiraceae","Lachnospiraceae NK4A136 group",254.5,"Stress + Mucin","ASV102  ( Lachnospiraceae )"
"ASV133",0.00177777777777778,"Bacteria","Firmicutes","Clostridia","Lachnospirales","Lachnospiraceae","Roseburia",254.5,"Stress Alone","ASV133  ( Lachnospiraceae )"
"ASV208",0.00177777777777778,"Bacteria","Firmicutes","Clostridia","Oscillospirales","[Eubacterium] coprostanoligenes group",NA,254.5,"Stress Alone","ASV208  ( [Eubacterium] coprostanoligenes group )"
"ASV215",0.00177777777777778,"Bacteria","Firmicutes","Clostridia","Oscillospirales","Ruminococcaceae","Anaerotruncus",254.5,"Stress Alone","ASV215  ( Ruminococcaceae )"
"ASV342",0.00177777777777778,"Bacteria","Firmicutes","Clostridia","Lachnospirales","Lachnospiraceae","Lachnospiraceae UCG-006",254.5,"Stress Alone","ASV342  ( Lachnospiraceae )"
"ASV361",0.00177777777777778,"Bacteria","Firmicutes","Clostridia","Oscillospirales","Ruminococcaceae",NA,254.5,"Stress Alone","ASV361  ( Ruminococcaceae )"
"ASV1097",0.00175,"Bacteria","Proteobacteria","Gammaproteobacteria","Burkholderiales",NA,NA,265.5,"Stress + Mucin","ASV1097  ( NA )"
"ASV1737",0.00175,"Bacteria","Firmicutes","Clostridia","Lachnospirales","Lachnospiraceae",NA,265.5,"Stress + Mucin","ASV1737  ( Lachnospiraceae )"
"ASV21",0.00175,"Bacteria","Firmicutes","Clostridia","Oscillospirales","Oscillospiraceae","Intestinimonas",265.5,"Stress + Mucin","ASV21  ( Oscillospiraceae )"
"ASV243",0.00175,"Bacteria","Bacteroidota","Bacteroidia","Bacteroidales","Muribaculaceae",NA,265.5,"Stress + Mucin","ASV243  ( Muribaculaceae )"
"ASV280",0.00175,"Bacteria","Firmicutes","Clostridia","Lachnospirales","Lachnospiraceae","A2",265.5,"Stress Alone","ASV280  ( Lachnospiraceae )"
"ASV294",0.00175,"Bacteria","Bacteroidota","Bacteroidia","Bacteroidales","Muribaculaceae",NA,265.5,"Stress Alone","ASV294  ( Muribaculaceae )"
"ASV328",0.00175,"Bacteria","Firmicutes","Clostridia","Clostridia vadinBB60 group",NA,NA,265.5,"Stress + Mucin","ASV328  ( NA )"
"ASV376",0.00175,"Bacteria","Firmicutes","Clostridia","Lachnospirales","Lachnospiraceae",NA,265.5,"Stress + Mucin","ASV376  ( Lachnospiraceae )"
"ASV377",0.00175,"Bacteria","Firmicutes","Clostridia","Lachnospirales","Lachnospiraceae",NA,265.5,"Stress Alone","ASV377  ( Lachnospiraceae )"
"ASV4",0.00175,"Bacteria","Bacteroidota","Bacteroidia","Bacteroidales","Muribaculaceae",NA,265.5,"Stress + Mucin","ASV4  ( Muribaculaceae )"
"ASV405",0.00175,"Bacteria","Firmicutes","Bacilli","RF39",NA,NA,265.5,"Stress Alone","ASV405  ( NA )"
"ASV465",0.00175,"Bacteria","Firmicutes","Clostridia","Oscillospirales","Oscillospiraceae",NA,265.5,"Stress + Mucin","ASV465  ( Oscillospiraceae )"
"ASV573",0.00175,"Bacteria","Firmicutes","Clostridia","Lachnospirales","Lachnospiraceae","Lachnoclostridium",265.5,"Stress + Mucin","ASV573  ( Lachnospiraceae )"
"ASV575",0.00175,"Bacteria","Firmicutes","Clostridia","Oscillospirales","Ruminococcaceae",NA,265.5,"Stress + Mucin","ASV575  ( Ruminococcaceae )"
"ASV579",0.00175,"Bacteria","Firmicutes","Bacilli","RF39",NA,NA,265.5,"Stress Alone","ASV579  ( NA )"
"ASV859",0.00175,"Bacteria","Actinobacteriota","Coriobacteriia","Coriobacteriales","Eggerthellaceae",NA,265.5,"Stress + Mucin","ASV859  ( Eggerthellaceae )"
"ASV1378",0.00171428571428571,"Bacteria","Firmicutes","Clostridia","Lachnospirales","Lachnospiraceae",NA,279,"Stress Alone","ASV1378  ( Lachnospiraceae )"
"ASV1595",0.00171428571428571,"Bacteria","Firmicutes","Clostridia","Oscillospirales","[Eubacterium] coprostanoligenes group",NA,279,"Stress Alone","ASV1595  ( [Eubacterium] coprostanoligenes group )"
"ASV166",0.00171428571428571,"Bacteria","Firmicutes","Clostridia","Clostridia UCG-014",NA,NA,279,"Stress Alone","ASV166  ( NA )"
"ASV170",0.00171428571428571,"Bacteria","Firmicutes","Clostridia","Oscillospirales","[Eubacterium] coprostanoligenes group",NA,279,"Stress Alone","ASV170  ( [Eubacterium] coprostanoligenes group )"
"ASV1732",0.00171428571428571,"Bacteria","Firmicutes","Clostridia","Lachnospirales","Lachnospiraceae","Lachnospiraceae NK4A136 group",279,"Stress Alone","ASV1732  ( Lachnospiraceae )"
"ASV190",0.00171428571428571,"Bacteria","Firmicutes","Clostridia","Lachnospirales","Lachnospiraceae","Lachnospiraceae NK4A136 group",279,"Stress Alone","ASV190  ( Lachnospiraceae )"
"ASV213",0.00171428571428571,"Bacteria","Firmicutes","Clostridia","Lachnospirales","Lachnospiraceae",NA,279,"Stress Alone","ASV213  ( Lachnospiraceae )"
"ASV401",0.00171428571428571,"Bacteria","Bacteroidota","Bacteroidia","Bacteroidales","Muribaculaceae",NA,279,"Stress + Mucin","ASV401  ( Muribaculaceae )"
"ASV544",0.00171428571428571,"Bacteria","Firmicutes","Bacilli","RF39",NA,NA,279,"Stress Alone","ASV544  ( NA )"
"ASV8",0.00171428571428571,"Bacteria","Campylobacterota","Campylobacteria","Campylobacterales","Helicobacteraceae","Helicobacter",279,"Stress Alone","ASV8  ( Helicobacteraceae )"
"ASV95",0.00171428571428571,"Bacteria","Firmicutes","Clostridia","Clostridia UCG-014",NA,NA,279,"Stress Alone","ASV95  ( NA )"
"ASV134",0.00166666666666667,"Bacteria","Firmicutes","Clostridia","Lachnospirales","Lachnospiraceae","A2",288,"Stress + Mucin","ASV134  ( Lachnospiraceae )"
"ASV1718",0.00166666666666667,"Bacteria","Firmicutes","Clostridia","Oscillospirales","Oscillospiraceae","Oscillibacter",288,"Stress + Mucin","ASV1718  ( Oscillospiraceae )"
"ASV413",0.00166666666666667,"Bacteria","Firmicutes","Bacilli","Erysipelotrichales","Erysipelatoclostridiaceae",NA,288,"Stress + Mucin","ASV413  ( Erysipelatoclostridiaceae )"
"ASV472",0.00166666666666667,"Bacteria","Firmicutes","Clostridia","Lachnospirales","Lachnospiraceae","A2",288,"Stress Alone","ASV472  ( Lachnospiraceae )"
"ASV482",0.00166666666666667,"Bacteria","Firmicutes","Clostridia","Lachnospirales","Lachnospiraceae","Roseburia",288,"Stress Alone","ASV482  ( Lachnospiraceae )"
"ASV5",0.00166666666666667,"Bacteria","Firmicutes","Bacilli","Erysipelotrichales","Erysipelotrichaceae","Turicibacter",288,"Stress + Mucin","ASV5  ( Erysipelotrichaceae )"
"ASV542",0.00166666666666667,"Bacteria","Firmicutes","Clostridia","Oscillospirales","Ruminococcaceae",NA,288,"Stress Alone","ASV542  ( Ruminococcaceae )"
"ASV1251",0.0016,"Bacteria","Firmicutes","Clostridia","Lachnospirales","Lachnospiraceae","A2",293,"Stress Alone","ASV1251  ( Lachnospiraceae )"
"ASV332",0.0016,"Bacteria","Firmicutes","Clostridia","Lachnospirales","Lachnospiraceae",NA,293,"Stress Alone","ASV332  ( Lachnospiraceae )"
"ASV534",0.0016,"Bacteria","Firmicutes","Clostridia","Lachnospirales","Lachnospiraceae",NA,293,"Stress Alone","ASV534  ( Lachnospiraceae )"
"ASV167",0.00133333333333333,"Bacteria","Firmicutes","Clostridia","Lachnospirales","Lachnospiraceae","Lachnospiraceae UCG-001",295,"Stress + Mucin","ASV167  ( Lachnospiraceae )"
"ASV352",0.00075,"Bacteria","Firmicutes","Clostridia","Oscillospirales","Ruminococcaceae","Incertae Sedis",296,"Stress Alone","ASV352  ( Ruminococcaceae )"
"ASV1016",0,"Bacteria","Firmicutes","Clostridia","Lachnospirales","Lachnospiraceae",NA,397.5,"Stress Alone","ASV1016  ( Lachnospiraceae )"
"ASV1033",0,"Bacteria","Firmicutes","Bacilli","Erysipelotrichales","Erysipelotrichaceae","Turicibacter",397.5,"Stress + Mucin","ASV1033  ( Erysipelotrichaceae )"
"ASV1096",0,"Bacteria","Firmicutes","Clostridia","Oscillospirales","Ruminococcaceae","Ruminococcus",397.5,"Stress + Mucin","ASV1096  ( Ruminococcaceae )"
"ASV1101",0,"Bacteria","Firmicutes","Clostridia","Lachnospirales","Lachnospiraceae","Lachnospiraceae NK4A136 group",397.5,"Stress Alone","ASV1101  ( Lachnospiraceae )"
"ASV1122",0,"Bacteria","Firmicutes","Clostridia","Lachnospirales","Lachnospiraceae","[Eubacterium] xylanophilum group",397.5,"Stress + Mucin","ASV1122  ( Lachnospiraceae )"
"ASV1126",0,"Bacteria","Firmicutes","Clostridia","Lachnospirales","Lachnospiraceae",NA,397.5,"Stress Alone","ASV1126  ( Lachnospiraceae )"
"ASV114",0,"Bacteria","Firmicutes","Clostridia","Lachnospirales","Lachnospiraceae","A2",397.5,"Stress Alone","ASV114  ( Lachnospiraceae )"
"ASV115",0,"Bacteria","Firmicutes","Clostridia","Lachnospirales","Lachnospiraceae",NA,397.5,"Stress Alone","ASV115  ( Lachnospiraceae )"
"ASV118",0,"Bacteria","Firmicutes","Clostridia","Lachnospirales","Lachnospiraceae",NA,397.5,"Stress Alone","ASV118  ( Lachnospiraceae )"
"ASV1192",0,"Bacteria","Bacteroidota","Bacteroidia","Bacteroidales","Rikenellaceae","Alistipes",397.5,"Stress + Mucin","ASV1192  ( Rikenellaceae )"
"ASV1193",0,"Bacteria","Firmicutes","Bacilli","RF39",NA,NA,397.5,"Stress + Mucin","ASV1193  ( NA )"
"ASV1194",0,"Bacteria","Bacteroidota","Bacteroidia","Bacteroidales","Rikenellaceae","Alistipes",397.5,"Stress + Mucin","ASV1194  ( Rikenellaceae )"
"ASV120",0,"Bacteria","Firmicutes","Clostridia","Lachnospirales","Lachnospiraceae","Lachnospiraceae NK4A136 group",397.5,"Stress Alone","ASV120  ( Lachnospiraceae )"
"ASV1201",0,"Bacteria","Firmicutes","Clostridia","Lachnospirales","Lachnospiraceae",NA,397.5,"Stress Alone","ASV1201  ( Lachnospiraceae )"
"ASV1202",0,"Bacteria","Firmicutes","Clostridia","Oscillospirales","Oscillospiraceae","Oscillibacter",397.5,"Stress Alone","ASV1202  ( Oscillospiraceae )"
"ASV1243",0,"Bacteria","Actinobacteriota","Coriobacteriia","Coriobacteriales","Atopobiaceae","Coriobacteriaceae UCG-002",397.5,"Stress + Mucin","ASV1243  ( Atopobiaceae )"
"ASV1250",0,"Bacteria","Firmicutes","Clostridia","Oscillospirales","Ruminococcaceae",NA,397.5,"Stress Alone","ASV1250  ( Ruminococcaceae )"
"ASV1252",0,"Bacteria","Firmicutes","Clostridia","Oscillospirales","Ruminococcaceae","Incertae Sedis",397.5,"Stress Alone","ASV1252  ( Ruminococcaceae )"
"ASV1253",0,"Bacteria","Firmicutes","Clostridia","Christensenellales","Christensenellaceae",NA,397.5,"Stress Alone","ASV1253  ( Christensenellaceae )"
"ASV1254",0,"Bacteria","Firmicutes","Clostridia","Lachnospirales","Lachnospiraceae",NA,397.5,"Stress Alone","ASV1254  ( Lachnospiraceae )"
"ASV1255",0,"Bacteria","Firmicutes","Clostridia","Lachnospirales","Lachnospiraceae",NA,397.5,"Stress Alone","ASV1255  ( Lachnospiraceae )"
"ASV1256",0,"Bacteria","Firmicutes","Clostridia","Lachnospirales","Lachnospiraceae","GCA-900066575",397.5,"Stress + Mucin","ASV1256  ( Lachnospiraceae )"
"ASV127",0,"Bacteria","Firmicutes","Clostridia","Lachnospirales","Lachnospiraceae","A2",397.5,"Stress + Mucin","ASV127  ( Lachnospiraceae )"
"ASV13",0,"Bacteria","Firmicutes","Clostridia","Lachnospirales","Lachnospiraceae","Lachnospiraceae NK4A136 group",397.5,"Stress Alone","ASV13  ( Lachnospiraceae )"
"ASV1305",0,"Bacteria","Firmicutes","Bacilli","RF39",NA,NA,397.5,"Stress Alone","ASV1305  ( NA )"
"ASV1306",0,"Bacteria","Firmicutes","Clostridia","Oscillospirales","Oscillospiraceae","Oscillibacter",397.5,"Stress Alone","ASV1306  ( Oscillospiraceae )"
"ASV1307",0,"Bacteria","Actinobacteriota","Actinobacteria","Micrococcales","Sanguibacteraceae","Sanguibacter-Flavimobilis",397.5,"Stress Alone","ASV1307  ( Sanguibacteraceae )"
"ASV1308",0,"Bacteria","Firmicutes","Clostridia","Oscillospirales","Oscillospiraceae","Oscillospira",397.5,"Stress Alone","ASV1308  ( Oscillospiraceae )"
"ASV1361",0,"Bacteria","Firmicutes","Clostridia","Lachnospirales","Lachnospiraceae","A2",397.5,"Stress + Mucin","ASV1361  ( Lachnospiraceae )"
"ASV1362",0,"Bacteria","Firmicutes","Clostridia","Lachnospirales","Lachnospiraceae",NA,397.5,"Stress + Mucin","ASV1362  ( Lachnospiraceae )"
"ASV1363",0,"Bacteria","Firmicutes","Clostridia","Oscillospirales","Ruminococcaceae","Harryflintia",397.5,"Stress + Mucin","ASV1363  ( Ruminococcaceae )"
"ASV1364",0,"Bacteria","Firmicutes","Clostridia","Lachnospirales","Lachnospiraceae",NA,397.5,"Stress + Mucin","ASV1364  ( Lachnospiraceae )"
"ASV1365",0,"Bacteria","Firmicutes","Clostridia","Clostridia UCG-014",NA,NA,397.5,"Stress + Mucin","ASV1365  ( NA )"
"ASV1373",0,"Bacteria","Firmicutes","Clostridia","Lachnospirales","Lachnospiraceae",NA,397.5,"Stress Alone","ASV1373  ( Lachnospiraceae )"
"ASV1374",0,"Bacteria","Firmicutes","Clostridia","Lachnospirales","Lachnospiraceae",NA,397.5,"Stress Alone","ASV1374  ( Lachnospiraceae )"
"ASV1375",0,"Bacteria","Firmicutes","Clostridia",NA,NA,NA,397.5,"Stress Alone","ASV1375  ( NA )"
"ASV1376",0,"Bacteria","Firmicutes","Bacilli","RF39",NA,NA,397.5,"Stress Alone","ASV1376  ( NA )"
"ASV1377",0,"Bacteria","Firmicutes","Clostridia","Lachnospirales","Lachnospiraceae",NA,397.5,"Stress Alone","ASV1377  ( Lachnospiraceae )"
"ASV138",0,"Bacteria","Bacteroidota","Bacteroidia","Bacteroidales","Muribaculaceae",NA,397.5,"Stress Alone","ASV138  ( Muribaculaceae )"
"ASV142",0,"Bacteria","Bacteroidota","Bacteroidia","Bacteroidales","Muribaculaceae",NA,397.5,"Stress + Mucin","ASV142  ( Muribaculaceae )"
"ASV143",0,"Bacteria","Bacteroidota","Bacteroidia","Bacteroidales","Muribaculaceae",NA,397.5,"Stress + Mucin","ASV143  ( Muribaculaceae )"
"ASV144",0,"Bacteria","Bacteroidota","Bacteroidia","Bacteroidales","Muribaculaceae",NA,397.5,"Stress Alone","ASV144  ( Muribaculaceae )"
"ASV1440",0,"Bacteria","Firmicutes","Clostridia","Oscillospirales","[Eubacterium] coprostanoligenes group",NA,397.5,"Stress + Mucin","ASV1440  ( [Eubacterium] coprostanoligenes group )"
"ASV1441",0,"Bacteria","Firmicutes","Clostridia","Lachnospirales","Lachnospiraceae",NA,397.5,"Stress + Mucin","ASV1441  ( Lachnospiraceae )"
"ASV1442",0,"Bacteria","Firmicutes","Clostridia","Lachnospirales","Lachnospiraceae",NA,397.5,"Stress + Mucin","ASV1442  ( Lachnospiraceae )"
"ASV1464",0,"Bacteria","Firmicutes","Clostridia","Lachnospirales","Lachnospiraceae","Lachnospiraceae UCG-006",397.5,"Stress Alone","ASV1464  ( Lachnospiraceae )"
"ASV1465",0,"Bacteria","Firmicutes","Clostridia","Lachnospirales","Lachnospiraceae",NA,397.5,"Stress Alone","ASV1465  ( Lachnospiraceae )"
"ASV1467",0,"Bacteria","Firmicutes","Clostridia","Lachnospirales","Lachnospiraceae",NA,397.5,"Stress Alone","ASV1467  ( Lachnospiraceae )"
"ASV1468",0,"Bacteria","Firmicutes","Clostridia","Oscillospirales","Oscillospiraceae",NA,397.5,"Stress Alone","ASV1468  ( Oscillospiraceae )"
"ASV1469",0,"Bacteria","Firmicutes","Clostridia","Lachnospirales","Lachnospiraceae",NA,397.5,"Stress Alone","ASV1469  ( Lachnospiraceae )"
"ASV1470",0,"Bacteria","Firmicutes","Clostridia","Lachnospirales","Lachnospiraceae","Lachnospiraceae UCG-001",397.5,"Stress Alone","ASV1470  ( Lachnospiraceae )"
"ASV1471",0,"Bacteria","Firmicutes","Clostridia","Lachnospirales","Lachnospiraceae",NA,397.5,"Stress + Mucin","ASV1471  ( Lachnospiraceae )"
"ASV1472",0,"Bacteria","Firmicutes","Clostridia","Lachnospirales","Lachnospiraceae",NA,397.5,"Stress + Mucin","ASV1472  ( Lachnospiraceae )"
"ASV1473",0,"Bacteria","Firmicutes","Clostridia","Lachnospirales","Lachnospiraceae",NA,397.5,"Stress + Mucin","ASV1473  ( Lachnospiraceae )"
"ASV15",0,"Bacteria","Proteobacteria","Gammaproteobacteria","Burkholderiales","Burkholderiaceae","Burkholderia-Caballeronia-Paraburkholderia",397.5,"Stress + Mucin","ASV15  ( Burkholderiaceae )"
"ASV1562",0,"Bacteria","Firmicutes","Clostridia","Lachnospirales","Lachnospiraceae","A2",397.5,"Stress + Mucin","ASV1562  ( Lachnospiraceae )"
"ASV1563",0,"Bacteria","Firmicutes","Clostridia","Lachnospirales","Lachnospiraceae",NA,397.5,"Stress + Mucin","ASV1563  ( Lachnospiraceae )"
"ASV1564",0,"Bacteria","Firmicutes","Clostridia","Lachnospirales","Lachnospiraceae",NA,397.5,"Stress + Mucin","ASV1564  ( Lachnospiraceae )"
"ASV1566",0,"Bacteria","Firmicutes","Bacilli","RF39",NA,NA,397.5,"Stress + Mucin","ASV1566  ( NA )"
"ASV1567",0,"Bacteria","Firmicutes","Clostridia","Lachnospirales","Lachnospiraceae",NA,397.5,"Stress + Mucin","ASV1567  ( Lachnospiraceae )"
"ASV1568",0,"Bacteria","Firmicutes","Clostridia","Lachnospirales","Lachnospiraceae",NA,397.5,"Stress + Mucin","ASV1568  ( Lachnospiraceae )"
"ASV1596",0,"Bacteria","Firmicutes","Clostridia","Lachnospirales","Lachnospiraceae",NA,397.5,"Stress Alone","ASV1596  ( Lachnospiraceae )"
"ASV1600",0,"Bacteria","Firmicutes","Clostridia","Lachnospirales","Lachnospiraceae","Roseburia",397.5,"Stress Alone","ASV1600  ( Lachnospiraceae )"
"ASV1601",0,"Bacteria","Bacteroidota","Bacteroidia",NA,NA,NA,397.5,"Stress Alone","ASV1601  ( NA )"
"ASV1602",0,"Bacteria","Firmicutes","Clostridia","Lachnospirales","Lachnospiraceae",NA,397.5,"Stress + Mucin","ASV1602  ( Lachnospiraceae )"
"ASV1603",0,"Bacteria","Firmicutes","Clostridia","Lachnospirales","Lachnospiraceae",NA,397.5,"Stress + Mucin","ASV1603  ( Lachnospiraceae )"
"ASV164",0,"Bacteria","Bacteroidota","Bacteroidia","Bacteroidales","Rikenellaceae","Rikenella",397.5,"Stress + Mucin","ASV164  ( Rikenellaceae )"
"ASV168",0,"Bacteria","Desulfobacterota","Desulfovibrionia","Desulfovibrionales","Desulfovibrionaceae","Bilophila",397.5,"Stress + Mucin","ASV168  ( Desulfovibrionaceae )"
"ASV1715",0,"Bacteria","Firmicutes","Clostridia","Oscillospirales","Oscillospiraceae","Pseudoflavonifractor",397.5,"Stress + Mucin","ASV1715  ( Oscillospiraceae )"
"ASV1716",0,"Bacteria","Firmicutes","Clostridia","Oscillospirales","Oscillospiraceae","Oscillibacter",397.5,"Stress + Mucin","ASV1716  ( Oscillospiraceae )"
"ASV1717",0,"Bacteria","Firmicutes","Clostridia","Lachnospirales","Lachnospiraceae","Lachnospiraceae NK4A136 group",397.5,"Stress + Mucin","ASV1717  ( Lachnospiraceae )"
"ASV172",0,"Bacteria","Firmicutes","Bacilli","Lactobacillales","Lactobacillaceae","HT002",397.5,"Stress + Mucin","ASV172  ( Lactobacillaceae )"
"ASV1733",0,"Bacteria","Firmicutes","Clostridia","Peptostreptococcales-Tissierellales","Anaerovoracaceae",NA,397.5,"Stress Alone","ASV1733  ( Anaerovoracaceae )"
"ASV1734",0,"Bacteria","Firmicutes","Clostridia","Lachnospirales","Lachnospiraceae",NA,397.5,"Stress Alone","ASV1734  ( Lachnospiraceae )"
"ASV1735",0,"Bacteria","Firmicutes","Clostridia","Oscillospirales","Ruminococcaceae","Ruminococcus",397.5,"Stress Alone","ASV1735  ( Ruminococcaceae )"
"ASV1736",0,"Bacteria","Firmicutes","Clostridia","Lachnospirales","Lachnospiraceae",NA,397.5,"Stress Alone","ASV1736  ( Lachnospiraceae )"
"ASV1738",0,"Bacteria","Firmicutes","Clostridia","Lachnospirales","Lachnospiraceae",NA,397.5,"Stress + Mucin","ASV1738  ( Lachnospiraceae )"
"ASV174",0,"Bacteria","Bacteroidota","Bacteroidia","Bacteroidales","Rikenellaceae","Rikenella",397.5,"Stress + Mucin","ASV174  ( Rikenellaceae )"
"ASV175",0,"Bacteria","Firmicutes","Clostridia","Lachnospirales","Lachnospiraceae","Roseburia",397.5,"Stress Alone","ASV175  ( Lachnospiraceae )"
"ASV178",0,"Bacteria","Cyanobacteria","Vampirivibrionia","Gastranaerophilales",NA,NA,397.5,"Stress + Mucin","ASV178  ( NA )"
"ASV1782",0,"Bacteria","Bacteroidota","Bacteroidia","Bacteroidales","Muribaculaceae",NA,397.5,"Stress + Mucin","ASV1782  ( Muribaculaceae )"
"ASV188",0,"Bacteria","Firmicutes","Clostridia","Oscillospirales","Ruminococcaceae","[Eubacterium] siraeum group",397.5,"Stress Alone","ASV188  ( Ruminococcaceae )"
"ASV199",0,"Bacteria","Firmicutes","Clostridia","Clostridia UCG-014",NA,NA,397.5,"Stress + Mucin","ASV199  ( NA )"
"ASV214",0,"Bacteria","Firmicutes","Clostridia","Lachnospirales","Lachnospiraceae","Roseburia",397.5,"Stress + Mucin","ASV214  ( Lachnospiraceae )"
"ASV221",0,"Bacteria","Firmicutes","Bacilli","RF39",NA,NA,397.5,"Stress + Mucin","ASV221  ( NA )"
"ASV222",0,"Bacteria","Firmicutes","Clostridia","Clostridia UCG-014",NA,NA,397.5,"Stress Alone","ASV222  ( NA )"
"ASV225",0,"Bacteria","Firmicutes","Clostridia","Clostridia UCG-014",NA,NA,397.5,"Stress Alone","ASV225  ( NA )"
"ASV226",0,"Bacteria","Firmicutes","Clostridia","Oscillospirales","Oscillospiraceae","UCG-005",397.5,"Stress + Mucin","ASV226  ( Oscillospiraceae )"
"ASV245",0,"Bacteria","Firmicutes","Clostridia","Clostridia vadinBB60 group",NA,NA,397.5,"Stress + Mucin","ASV245  ( NA )"
"ASV249",0,"Bacteria","Firmicutes","Clostridia","Lachnospirales","Lachnospiraceae","28-4",397.5,"Stress + Mucin","ASV249  ( Lachnospiraceae )"
"ASV260",0,"Bacteria","Firmicutes","Clostridia","Oscillospirales","Ruminococcaceae","[Eubacterium] siraeum group",397.5,"Stress Alone","ASV260  ( Ruminococcaceae )"
"ASV262",0,"Bacteria","Firmicutes","Clostridia","Lachnospirales","Lachnospiraceae",NA,397.5,"Stress + Mucin","ASV262  ( Lachnospiraceae )"
"ASV269",0,"Bacteria","Firmicutes","Clostridia","Oscillospirales","Oscillospiraceae","Oscillospira",397.5,"Stress Alone","ASV269  ( Oscillospiraceae )"
"ASV273",0,"Bacteria","Bacteroidota","Bacteroidia","Bacteroidales","Muribaculaceae",NA,397.5,"Stress + Mucin","ASV273  ( Muribaculaceae )"
"ASV275",0,"Bacteria","Bacteroidota","Bacteroidia","Bacteroidales","Muribaculaceae",NA,397.5,"Stress + Mucin","ASV275  ( Muribaculaceae )"
"ASV277",0,"Bacteria","Firmicutes","Clostridia","Lachnospirales","Lachnospiraceae","Lachnoclostridium",397.5,"Stress Alone","ASV277  ( Lachnospiraceae )"
"ASV278",0,"Bacteria","Firmicutes","Clostridia","Lachnospirales","Lachnospiraceae","Lachnoclostridium",397.5,"Stress + Mucin","ASV278  ( Lachnospiraceae )"
"ASV281",0,"Bacteria","Firmicutes","Clostridia","Oscillospirales","Oscillospiraceae","Intestinimonas",397.5,"Stress + Mucin","ASV281  ( Oscillospiraceae )"
"ASV282",0,"Bacteria","Firmicutes","Clostridia","Lachnospirales","Lachnospiraceae","Lachnospiraceae UCG-001",397.5,"Stress + Mucin","ASV282  ( Lachnospiraceae )"
"ASV286",0,"Bacteria","Firmicutes","Clostridia","Lachnospirales","Lachnospiraceae",NA,397.5,"Stress + Mucin","ASV286  ( Lachnospiraceae )"
"ASV287",0,"Bacteria","Firmicutes","Clostridia","Lachnospirales","Lachnospiraceae",NA,397.5,"Stress + Mucin","ASV287  ( Lachnospiraceae )"
"ASV3",0,"Bacteria","Bacteroidota","Bacteroidia","Bacteroidales","Muribaculaceae",NA,397.5,"Stress Alone","ASV3  ( Muribaculaceae )"
"ASV30",0,"Bacteria","Firmicutes","Clostridia","Lachnospirales","Lachnospiraceae","Lachnospiraceae NK4A136 group",397.5,"Stress + Mucin","ASV30  ( Lachnospiraceae )"
"ASV303",0,"Bacteria","Bacteroidota","Bacteroidia","Bacteroidales","Muribaculaceae",NA,397.5,"Stress + Mucin","ASV303  ( Muribaculaceae )"
"ASV313",0,"Bacteria","Firmicutes","Clostridia","Oscillospirales","Oscillospiraceae","Oscillibacter",397.5,"Stress + Mucin","ASV313  ( Oscillospiraceae )"
"ASV316",0,"Bacteria","Bacteroidota","Bacteroidia","Bacteroidales","Muribaculaceae",NA,397.5,"Stress + Mucin","ASV316  ( Muribaculaceae )"
"ASV323",0,"Bacteria","Firmicutes","Clostridia","Lachnospirales","Lachnospiraceae",NA,397.5,"Stress Alone","ASV323  ( Lachnospiraceae )"
"ASV324",0,"Bacteria","Firmicutes","Bacilli","RF39",NA,NA,397.5,"Stress Alone","ASV324  ( NA )"
"ASV329",0,"Bacteria","Bacteroidota","Bacteroidia","Bacteroidales","Muribaculaceae",NA,397.5,"Stress + Mucin","ASV329  ( Muribaculaceae )"
"ASV331",0,"Bacteria","Firmicutes","Clostridia","Lachnospirales","Lachnospiraceae","Acetatifactor",397.5,"Stress + Mucin","ASV331  ( Lachnospiraceae )"
"ASV337",0,"Bacteria","Firmicutes","Clostridia","Oscillospirales","Oscillospiraceae",NA,397.5,"Stress + Mucin","ASV337  ( Oscillospiraceae )"
"ASV338",0,"Bacteria","Bacteroidota","Bacteroidia","Bacteroidales","Muribaculaceae",NA,397.5,"Stress + Mucin","ASV338  ( Muribaculaceae )"
"ASV344",0,"Bacteria","Firmicutes","Clostridia","Clostridia vadinBB60 group",NA,NA,397.5,"Stress + Mucin","ASV344  ( NA )"
"ASV345",0,"Bacteria","Cyanobacteria","Cyanobacteriia","Chloroplast",NA,NA,397.5,"Stress Alone","ASV345  ( NA )"
"ASV348",0,"Bacteria","Firmicutes","Bacilli","Lactobacillales","Lactobacillaceae","Ligilactobacillus",397.5,"Stress Alone","ASV348  ( Lactobacillaceae )"
"ASV351",0,"Bacteria","Firmicutes","Clostridia","Lachnospirales","Lachnospiraceae","GCA-900066575",397.5,"Stress + Mucin","ASV351  ( Lachnospiraceae )"
"ASV354",0,"Bacteria","Firmicutes","Clostridia","Clostridia vadinBB60 group",NA,NA,397.5,"Stress + Mucin","ASV354  ( NA )"
"ASV355",0,"Bacteria","Firmicutes","Clostridia","Lachnospirales","Lachnospiraceae","A2",397.5,"Stress Alone","ASV355  ( Lachnospiraceae )"
"ASV368",0,"Bacteria","Firmicutes","Clostridia","Oscillospirales","Ruminococcaceae",NA,397.5,"Stress + Mucin","ASV368  ( Ruminococcaceae )"
"ASV369",0,"Bacteria","Firmicutes","Clostridia","Lachnospirales","Lachnospiraceae","GCA-900066575",397.5,"Stress Alone","ASV369  ( Lachnospiraceae )"
"ASV370",0,"Bacteria","Firmicutes","Clostridia","Clostridia UCG-014",NA,NA,397.5,"Stress Alone","ASV370  ( NA )"
"ASV375",0,"Bacteria","Firmicutes","Clostridia","Oscillospirales","Oscillospiraceae","Colidextribacter",397.5,"Stress Alone","ASV375  ( Oscillospiraceae )"
"ASV387",0,"Bacteria","Firmicutes","Clostridia","Lachnospirales","Lachnospiraceae","Roseburia",397.5,"Stress + Mucin","ASV387  ( Lachnospiraceae )"
"ASV388",0,"Bacteria","Firmicutes","Clostridia","Peptostreptococcales-Tissierellales","Anaerovoracaceae","Family XIII AD3011 group",397.5,"Stress + Mucin","ASV388  ( Anaerovoracaceae )"
"ASV391",0,"Bacteria","Firmicutes","Clostridia","Oscillospirales","Ruminococcaceae","Incertae Sedis",397.5,"Stress + Mucin","ASV391  ( Ruminococcaceae )"
"ASV398",0,"Bacteria","Firmicutes","Clostridia","Clostridia vadinBB60 group",NA,NA,397.5,"Stress + Mucin","ASV398  ( NA )"
"ASV400",0,"Bacteria","Firmicutes","Clostridia","Clostridia UCG-014",NA,NA,397.5,"Stress Alone","ASV400  ( NA )"
"ASV402",0,"Bacteria","Firmicutes","Clostridia","Clostridia vadinBB60 group",NA,NA,397.5,"Stress Alone","ASV402  ( NA )"
"ASV403",0,"Bacteria","Firmicutes","Clostridia","Clostridia vadinBB60 group",NA,NA,397.5,"Stress + Mucin","ASV403  ( NA )"
"ASV404",0,"Bacteria","Firmicutes","Clostridia","Lachnospirales","Lachnospiraceae","Lachnospiraceae NK4A136 group",397.5,"Stress + Mucin","ASV404  ( Lachnospiraceae )"
"ASV407",0,"Bacteria","Firmicutes","Clostridia","Oscillospirales","Ruminococcaceae","Incertae Sedis",397.5,"Stress + Mucin","ASV407  ( Ruminococcaceae )"
"ASV41",0,"Bacteria","Proteobacteria","Gammaproteobacteria","Burkholderiales","Sutterellaceae","Parasutterella",397.5,"Stress + Mucin","ASV41  ( Sutterellaceae )"
"ASV411",0,"Bacteria","Firmicutes","Clostridia","Oscillospirales","Oscillospiraceae","Intestinimonas",397.5,"Stress + Mucin","ASV411  ( Oscillospiraceae )"
"ASV412",0,"Bacteria","Firmicutes","Clostridia","Lachnospirales","Lachnospiraceae","Lachnospiraceae NK4A136 group",397.5,"Stress Alone","ASV412  ( Lachnospiraceae )"
"ASV425",0,"Bacteria","Firmicutes","Clostridia","Clostridia vadinBB60 group",NA,NA,397.5,"Stress Alone","ASV425  ( NA )"
"ASV429",0,"Bacteria","Bacteroidota","Bacteroidia","Bacteroidales","Muribaculaceae",NA,397.5,"Stress Alone","ASV429  ( Muribaculaceae )"
"ASV430",0,"Bacteria","Firmicutes","Clostridia","Lachnospirales","Lachnospiraceae","Lachnoclostridium",397.5,"Stress Alone","ASV430  ( Lachnospiraceae )"
"ASV432",0,"Bacteria","Firmicutes","Clostridia","Lachnospirales","Lachnospiraceae","Lachnospiraceae NK4A136 group",397.5,"Stress + Mucin","ASV432  ( Lachnospiraceae )"
"ASV435",0,"Bacteria","Firmicutes","Clostridia","Lachnospirales","Lachnospiraceae","Lachnospiraceae UCG-006",397.5,"Stress Alone","ASV435  ( Lachnospiraceae )"
"ASV44",0,"Bacteria","Firmicutes","Clostridia","Lachnospirales","Lachnospiraceae","Lachnospiraceae UCG-001",397.5,"Stress + Mucin","ASV44  ( Lachnospiraceae )"
"ASV440",0,"Bacteria","Firmicutes","Bacilli","RF39",NA,NA,397.5,"Stress Alone","ASV440  ( NA )"
"ASV441",0,"Bacteria","Firmicutes","Clostridia","Clostridia UCG-014",NA,NA,397.5,"Stress + Mucin","ASV441  ( NA )"
"ASV445",0,"Bacteria","Firmicutes","Clostridia","Lachnospirales","Lachnospiraceae","Lachnospiraceae UCG-010",397.5,"Stress + Mucin","ASV445  ( Lachnospiraceae )"
"ASV456",0,"Bacteria","Firmicutes","Clostridia","Lachnospirales","Lachnospiraceae","Lachnospiraceae NK4A136 group",397.5,"Stress Alone","ASV456  ( Lachnospiraceae )"
"ASV457",0,"Bacteria","Firmicutes","Clostridia","Clostridia vadinBB60 group",NA,NA,397.5,"Stress + Mucin","ASV457  ( NA )"
"ASV466",0,"Bacteria","Firmicutes","Clostridia","Lachnospirales","Lachnospiraceae","Marvinbryantia",397.5,"Stress + Mucin","ASV466  ( Lachnospiraceae )"
"ASV468",0,"Bacteria","Firmicutes","Clostridia","Lachnospirales","Lachnospiraceae","Lachnospiraceae UCG-010",397.5,"Stress Alone","ASV468  ( Lachnospiraceae )"
"ASV47",0,"Bacteria","Firmicutes","Clostridia","Lachnospirales","Lachnospiraceae","Lachnospiraceae NK4A136 group",397.5,"Stress + Mucin","ASV47  ( Lachnospiraceae )"
"ASV474",0,"Bacteria","Firmicutes","Clostridia","Clostridia vadinBB60 group",NA,NA,397.5,"Stress + Mucin","ASV474  ( NA )"
"ASV475",0,"Bacteria","Firmicutes","Clostridia","Lachnospirales","Lachnospiraceae","GCA-900066575",397.5,"Stress + Mucin","ASV475  ( Lachnospiraceae )"
"ASV479",0,"Bacteria","Firmicutes","Clostridia","Peptococcales","Peptococcaceae",NA,397.5,"Stress Alone","ASV479  ( Peptococcaceae )"
"ASV485",0,"Bacteria","Firmicutes","Clostridia","Oscillospirales","Ruminococcaceae","Anaerotruncus",397.5,"Stress Alone","ASV485  ( Ruminococcaceae )"
"ASV490",0,"Bacteria","Firmicutes","Clostridia","Clostridia UCG-014",NA,NA,397.5,"Stress Alone","ASV490  ( NA )"
"ASV493",0,"Bacteria","Firmicutes","Clostridia","Lachnospirales","Lachnospiraceae","Roseburia",397.5,"Stress Alone","ASV493  ( Lachnospiraceae )"
"ASV499",0,"Bacteria","Firmicutes","Clostridia","Lachnospirales","Lachnospiraceae","Lachnoclostridium",397.5,"Stress Alone","ASV499  ( Lachnospiraceae )"
"ASV508",0,"Bacteria","Firmicutes","Clostridia","Clostridia UCG-014",NA,NA,397.5,"Stress Alone","ASV508  ( NA )"
"ASV515",0,"Bacteria","Bacteroidota","Bacteroidia","Bacteroidales","Muribaculaceae",NA,397.5,"Stress + Mucin","ASV515  ( Muribaculaceae )"
"ASV516",0,"Bacteria","Firmicutes","Bacilli","RF39",NA,NA,397.5,"Stress + Mucin","ASV516  ( NA )"
"ASV517",0,"Bacteria","Firmicutes","Clostridia","Lachnospirales","Lachnospiraceae",NA,397.5,"Stress + Mucin","ASV517  ( Lachnospiraceae )"
"ASV524",0,"Bacteria","Firmicutes","Clostridia","Lachnospirales","Lachnospiraceae",NA,397.5,"Stress + Mucin","ASV524  ( Lachnospiraceae )"
"ASV526",0,"Bacteria","Firmicutes","Clostridia","Oscillospirales","Ruminococcaceae",NA,397.5,"Stress + Mucin","ASV526  ( Ruminococcaceae )"
"ASV527",0,"Bacteria","Firmicutes","Clostridia","Oscillospirales","Oscillospiraceae","Oscillibacter",397.5,"Stress + Mucin","ASV527  ( Oscillospiraceae )"
"ASV531",0,"Bacteria","Bacteroidota","Bacteroidia","Bacteroidales","Muribaculaceae",NA,397.5,"Stress Alone","ASV531  ( Muribaculaceae )"
"ASV536",0,"Bacteria","Firmicutes","Clostridia","Clostridia UCG-014",NA,NA,397.5,"Stress + Mucin","ASV536  ( NA )"
"ASV555",0,"Bacteria","Firmicutes","Clostridia","Clostridia UCG-014",NA,NA,397.5,"Stress + Mucin","ASV555  ( NA )"
"ASV558",0,"Bacteria","Firmicutes","Clostridia","Lachnospirales","Lachnospiraceae",NA,397.5,"Stress + Mucin","ASV558  ( Lachnospiraceae )"
"ASV560",0,"Bacteria","Firmicutes","Bacilli","RF39",NA,NA,397.5,"Stress Alone","ASV560  ( NA )"
"ASV563",0,"Bacteria","Firmicutes","Clostridia","Oscillospirales","Oscillospiraceae","Colidextribacter",397.5,"Stress + Mucin","ASV563  ( Oscillospiraceae )"
"ASV566",0,"Bacteria","Firmicutes","Clostridia","Oscillospirales","Butyricicoccaceae","Butyricicoccus",397.5,"Stress Alone","ASV566  ( Butyricicoccaceae )"
"ASV570",0,"Bacteria","Firmicutes","Clostridia","Lachnospirales","Lachnospiraceae","GCA-900066575",397.5,"Stress + Mucin","ASV570  ( Lachnospiraceae )"
"ASV578",0,"Bacteria","Firmicutes","Clostridia","Clostridia vadinBB60 group",NA,NA,397.5,"Stress + Mucin","ASV578  ( NA )"
"ASV581",0,"Bacteria","Actinobacteriota","Coriobacteriia","Coriobacteriales","Eggerthellaceae","Enterorhabdus",397.5,"Stress Alone","ASV581  ( Eggerthellaceae )"
"ASV589",0,"Bacteria","Bacteroidota","Bacteroidia","Bacteroidales","Muribaculaceae",NA,397.5,"Stress Alone","ASV589  ( Muribaculaceae )"
"ASV590",0,"Bacteria","Firmicutes","Clostridia","Lachnospirales","Lachnospiraceae","Lachnospiraceae NK4A136 group",397.5,"Stress Alone","ASV590  ( Lachnospiraceae )"
"ASV599",0,"Bacteria","Firmicutes","Clostridia","Clostridia UCG-014",NA,NA,397.5,"Stress Alone","ASV599  ( NA )"
"ASV612",0,"Bacteria","Firmicutes","Clostridia","Lachnospirales","Lachnospiraceae","Lachnoclostridium",397.5,"Stress Alone","ASV612  ( Lachnospiraceae )"
"ASV622",0,"Bacteria","Firmicutes","Bacilli","RF39",NA,NA,397.5,"Stress + Mucin","ASV622  ( NA )"
"ASV631",0,"Bacteria","Firmicutes","Bacilli","RF39",NA,NA,397.5,"Stress + Mucin","ASV631  ( NA )"
"ASV644",0,"Bacteria","Firmicutes","Clostridia","Lachnospirales","Lachnospiraceae",NA,397.5,"Stress + Mucin","ASV644  ( Lachnospiraceae )"
"ASV649",0,"Bacteria","Firmicutes","Clostridia","Clostridia vadinBB60 group",NA,NA,397.5,"Stress + Mucin","ASV649  ( NA )"
"ASV663",0,"Bacteria","Firmicutes","Clostridia","Oscillospirales","Ruminococcaceae","Incertae Sedis",397.5,"Stress Alone","ASV663  ( Ruminococcaceae )"
"ASV676",0,"Bacteria","Firmicutes","Clostridia","Lachnospirales","Lachnospiraceae","Lachnospiraceae UCG-004",397.5,"Stress + Mucin","ASV676  ( Lachnospiraceae )"
"ASV678",0,"Bacteria","Firmicutes","Clostridia","Lachnospirales","Lachnospiraceae","Lachnospiraceae UCG-001",397.5,"Stress + Mucin","ASV678  ( Lachnospiraceae )"
"ASV686",0,"Bacteria","Firmicutes","Clostridia","Clostridia UCG-014",NA,NA,397.5,"Stress + Mucin","ASV686  ( NA )"
"ASV695",0,"Bacteria","Firmicutes","Clostridia","Lachnospirales","Lachnospiraceae",NA,397.5,"Stress + Mucin","ASV695  ( Lachnospiraceae )"
"ASV702",0,"Bacteria","Bacteroidota","Bacteroidia","Bacteroidales","Rikenellaceae","Alistipes",397.5,"Stress + Mucin","ASV702  ( Rikenellaceae )"
"ASV705",0,"Bacteria","Bacteroidota","Bacteroidia","Bacteroidales","Muribaculaceae",NA,397.5,"Stress + Mucin","ASV705  ( Muribaculaceae )"
"ASV707",0,"Bacteria","Bacteroidota","Bacteroidia","Bacteroidales","Muribaculaceae",NA,397.5,"Stress + Mucin","ASV707  ( Muribaculaceae )"
"ASV709",0,"Bacteria","Firmicutes","Clostridia","Lachnospirales","Lachnospiraceae","[Eubacterium] oxidoreducens group",397.5,"Stress + Mucin","ASV709  ( Lachnospiraceae )"
"ASV71",0,"Bacteria","Firmicutes","Clostridia","Oscillospirales","Oscillospiraceae","Oscillibacter",397.5,"Stress Alone","ASV71  ( Oscillospiraceae )"
"ASV73",0,"Bacteria","Firmicutes","Clostridia","Lachnospirales","Lachnospiraceae",NA,397.5,"Stress + Mucin","ASV73  ( Lachnospiraceae )"
"ASV730",0,"Bacteria","Actinobacteriota","Coriobacteriia","Coriobacteriales","Eggerthellaceae",NA,397.5,"Stress + Mucin","ASV730  ( Eggerthellaceae )"
"ASV739",0,"Bacteria","Firmicutes","Bacilli","Mycoplasmatales","Mycoplasmataceae","Ureaplasma",397.5,"Stress Alone","ASV739  ( Mycoplasmataceae )"
"ASV791",0,"Bacteria","Firmicutes","Clostridia","Lachnospirales","Lachnospiraceae",NA,397.5,"Stress Alone","ASV791  ( Lachnospiraceae )"
"ASV798",0,"Bacteria","Firmicutes","Clostridia","Oscillospirales","Ruminococcaceae",NA,397.5,"Stress + Mucin","ASV798  ( Ruminococcaceae )"
"ASV83",0,"Bacteria","Firmicutes","Clostridia","Lachnospirales","Lachnospiraceae","ASF356",397.5,"Stress + Mucin","ASV83  ( Lachnospiraceae )"
"ASV841",0,"Bacteria","Firmicutes","Clostridia","Oscillospirales","Oscillospiraceae","Colidextribacter",397.5,"Stress Alone","ASV841  ( Oscillospiraceae )"
"ASV845",0,"Bacteria","Firmicutes","Clostridia","Peptococcales","Peptococcaceae","Peptococcus",397.5,"Stress + Mucin","ASV845  ( Peptococcaceae )"
"ASV877",0,"Bacteria","Actinobacteriota","Coriobacteriia","Coriobacteriales","Eggerthellaceae","Parvibacter",397.5,"Stress Alone","ASV877  ( Eggerthellaceae )"
"ASV898",0,"Bacteria","Firmicutes","Bacilli","RF39",NA,NA,397.5,"Stress + Mucin","ASV898  ( NA )"
"ASV944",0,"Bacteria","Firmicutes","Clostridia","Oscillospirales","Oscillospiraceae","Oscillospira",397.5,"Stress + Mucin","ASV944  ( Oscillospiraceae )"
"ASV970",0,"Bacteria","Firmicutes","Bacilli","Lactobacillales","Lactobacillaceae",NA,397.5,"Stress Alone","ASV970  ( Lactobacillaceae )"
